match,bowlingTeam,bowlerName,overs,maiden,runs,wickets,economy,0s,4s,6s,wides,noBalls,match_id
Sri Lanka Vs Namibia,Sri Lanka,Maheesh Theekshana,4,0,23,1,5.75,7,0,0,2,0,T20I # 1823
Sri Lanka Vs Namibia,Sri Lanka,Dushmantha Chameera,4,0,39,1,9.75,6,3,1,2,0,T20I # 1823
Sri Lanka Vs Namibia,Sri Lanka,Pramod Madushan,4,0,37,2,9.25,6,3,1,0,0,T20I # 1823
Sri Lanka Vs Namibia,Sri Lanka,Chamika Karunaratne,4,0,36,1,9.00,7,3,1,1,0,T20I # 1823
Sri Lanka Vs Namibia,Sri Lanka,Wanindu Hasaranga,4,0,27,1,6.75,8,1,1,0,0,T20I # 1823
Sri Lanka Vs Namibia,Namibia,Gerhard Erasmus,1,0,8,0,8.00,1,1,0,0,0,T20I # 1823
Sri Lanka Vs Namibia,Namibia,David Wiese,4,0,16,2,4.00,13,1,0,0,0,T20I # 1823
Sri Lanka Vs Namibia,Namibia,Bernard Scholtz,4,0,18,2,4.50,10,1,0,0,0,T20I # 1823
Sri Lanka Vs Namibia,Namibia,Ben Shikongo,3,1,22,2,7.33,6,3,0,0,0,T20I # 1823
Sri Lanka Vs Namibia,Namibia,JJ Smit,3,0,16,1,5.33,7,0,0,1,0,T20I # 1823
Sri Lanka Vs Namibia,Namibia,Jan Frylinck,4,0,26,2,6.50,10,0,2,1,0,T20I # 1823
Netherlands Vs U.A.E.,Netherlands,Fred Klaassen,4,0,13,2,3.25,18,0,0,3,0,T20I # 1825
Netherlands Vs U.A.E.,Netherlands,Tim Pringle,4,0,13,1,3.25,11,0,0,0,0,T20I # 1825
Netherlands Vs U.A.E.,Netherlands,Logan van Beek,2,0,19,0,9.50,5,0,2,1,0,T20I # 1825
Netherlands Vs U.A.E.,Netherlands,Bas de Leede,3,0,19,3,6.33,9,2,0,2,0,T20I # 1825
Netherlands Vs U.A.E.,Netherlands,Paul van Meekeren,4,0,21,0,5.25,11,1,0,0,0,T20I # 1825
Netherlands Vs U.A.E.,Netherlands,Roelof van der Merwe,3,0,19,1,6.33,7,0,1,0,0,T20I # 1825
Netherlands Vs U.A.E.,U.A.E.,Junaid Siddique,4,0,24,3,6.00,10,2,0,1,0,T20I # 1825
Netherlands Vs U.A.E.,U.A.E.,Basil Hameed,1,0,7,1,7.00,4,0,1,0,0,T20I # 1825
Netherlands Vs U.A.E.,U.A.E.,Aayan Afzal Khan,3,0,15,1,5.00,8,1,0,0,0,T20I # 1825
Netherlands Vs U.A.E.,U.A.E.,Karthik Meiyappan,4,0,22,1,5.50,11,2,0,0,0,T20I # 1825
Netherlands Vs U.A.E.,U.A.E.,Zahoor Khan,4,0,11,1,2.75,14,0,0,0,0,T20I # 1825
Netherlands Vs U.A.E.,U.A.E.,Zawar Farid,2.5,0,24,0,8.47,2,2,0,0,0,T20I # 1825
Netherlands Vs U.A.E.,U.A.E.,Kashif Daud,1,0,5,0,5.00,1,0,0,0,0,T20I # 1825
West Indies Vs Scotland,West Indies,Kyle Mayers,2,0,24,0,12.00,5,5,0,2,0,T20I # 1826
West Indies Vs Scotland,West Indies,Akeal Hosein,4,0,31,0,7.75,8,2,1,0,0,T20I # 1826
West Indies Vs Scotland,West Indies,Alzarri Joseph,4,0,28,2,7.00,9,3,0,2,0,T20I # 1826
West Indies Vs Scotland,West Indies,Obed McCoy,3,0,25,0,8.33,6,4,0,0,0,T20I # 1826
West Indies Vs Scotland,West Indies,Jason Holder,3,0,14,2,4.66,8,1,0,0,0,T20I # 1826
West Indies Vs Scotland,West Indies,Odean Smith,4,0,31,1,7.75,6,3,0,1,0,T20I # 1826
West Indies Vs Scotland,Scotland,Mark Watt,4,0,12,3,3.00,16,1,0,1,0,T20I # 1826
West Indies Vs Scotland,Scotland,Brad Wheal,4,0,32,2,8.00,10,4,1,0,0,T20I # 1826
West Indies Vs Scotland,Scotland,Josh Davey,3,0,34,1,11.33,8,4,2,1,0,T20I # 1826
West Indies Vs Scotland,Scotland,Safyaan Sharif,3.3,0,23,1,6.57,7,2,0,2,0,T20I # 1826
West Indies Vs Scotland,Scotland,Michael Leask,4,0,15,2,3.75,11,0,0,1,0,T20I # 1826
Ireland Vs Zimbabwe,Ireland,Josh Little,4,0,24,3,6.00,11,3,0,0,0,T20I # 1828
Ireland Vs Zimbabwe,Ireland,Mark Adair,4,0,39,2,9.75,6,3,1,2,0,T20I # 1828
Ireland Vs Zimbabwe,Ireland,Barry McCarthy,4,0,24,0,6.00,11,2,0,2,0,T20I # 1828
Ireland Vs Zimbabwe,Ireland,Curtis Campher,3,0,29,0,9.66,6,2,2,0,0,T20I # 1828
Ireland Vs Zimbabwe,Ireland,Simi Singh,3,0,31,2,10.33,5,2,2,1,0,T20I # 1828
Ireland Vs Zimbabwe,Ireland,Gareth Delany,2,0,21,0,10.50,4,2,1,1,0,T20I # 1828
Ireland Vs Zimbabwe,Zimbabwe,Richard Ngarava,4,0,22,2,5.50,13,3,0,0,0,T20I # 1828
Ireland Vs Zimbabwe,Zimbabwe,Tendai Chatara,4,0,22,2,5.50,13,1,1,2,0,T20I # 1828
Ireland Vs Zimbabwe,Zimbabwe,Blessing Muzarabani,4,0,23,3,5.75,14,0,2,0,1,T20I # 1828
Ireland Vs Zimbabwe,Zimbabwe,Luke Jongwe,2,0,24,0,12.00,1,4,0,0,0,T20I # 1828
Ireland Vs Zimbabwe,Zimbabwe,Sean Williams,3,0,20,1,6.66,3,0,0,0,0,T20I # 1828
Ireland Vs Zimbabwe,Zimbabwe,Sikandar Raza,3,0,22,1,7.33,8,1,1,1,0,T20I # 1828
Netherlands Vs Namibia,Netherlands,Fred Klaassen,3,0,15,0,5.00,11,1,0,0,0,T20I # 1830
Netherlands Vs Namibia,Netherlands,Tim Pringle,3,0,15,1,5.00,8,0,0,0,0,T20I # 1830
Netherlands Vs Namibia,Netherlands,Bas de Leede,3,0,18,2,6.00,6,1,0,0,0,T20I # 1830
Netherlands Vs Namibia,Netherlands,Colin Ackermann,3,0,17,1,5.66,8,2,0,0,0,T20I # 1830
Netherlands Vs Namibia,Netherlands,Paul van Meekeren,4,0,18,1,4.50,11,1,0,1,0,T20I # 1830
Netherlands Vs Namibia,Netherlands,Timm van der Gugten,3,0,29,0,9.66,4,1,1,2,0,T20I # 1830
Netherlands Vs Namibia,Netherlands,Roelof van der Merwe,1,0,6,1,6.00,1,0,0,1,0,T20I # 1830
Netherlands Vs Namibia,Namibia,Bernard Scholtz,4,0,21,1,5.25,10,0,1,0,0,T20I # 1830
Netherlands Vs Namibia,Namibia,David Wiese,2.3,0,22,0,8.80,4,3,0,0,0,T20I # 1830
Netherlands Vs Namibia,Namibia,Gerhard Erasmus,3,0,13,0,4.33,8,0,0,1,0,T20I # 1830
Netherlands Vs Namibia,Namibia,Ben Shikongo,1,0,18,0,18.00,1,0,2,1,0,T20I # 1830
Netherlands Vs Namibia,Namibia,JJ Smit,4,0,24,2,6.00,9,2,0,0,0,T20I # 1830
Netherlands Vs Namibia,Namibia,Jan Frylinck,4,1,16,1,4.00,11,1,0,0,0,T20I # 1830
Netherlands Vs Namibia,Namibia,Jan Nicol Loftie-Eaton,1,0,8,0,8.00,2,1,0,0,1,T20I # 1830
U.A.E. Vs Sri Lanka,U.A.E.,Junaid Siddique,4,0,36,0,9.00,8,2,1,2,0,T20I # 1832
U.A.E. Vs Sri Lanka,U.A.E.,Kashif Daud,1,0,14,0,14.00,0,2,0,0,0,T20I # 1832
U.A.E. Vs Sri Lanka,U.A.E.,Zahoor Khan,4,0,26,2,6.50,10,3,0,0,0,T20I # 1832
U.A.E. Vs Sri Lanka,U.A.E.,Aayan Afzal Khan,3,0,16,1,5.33,7,1,0,0,0,T20I # 1832
U.A.E. Vs Sri Lanka,U.A.E.,Aryan Lakra,3,0,24,1,8.00,5,3,0,0,0,T20I # 1832
U.A.E. Vs Sri Lanka,U.A.E.,Karthik Meiyappan,4,0,19,3,4.75,12,0,1,0,0,T20I # 1832
U.A.E. Vs Sri Lanka,U.A.E.,Basil Hameed,1,0,13,0,13.00,1,1,1,0,0,T20I # 1832
U.A.E. Vs Sri Lanka,Sri Lanka,Pramod Madushan,3,0,14,1,4.66,12,2,0,1,0,T20I # 1832
U.A.E. Vs Sri Lanka,Sri Lanka,Maheesh Theekshana,3.1,0,15,2,4.73,10,2,0,0,0,T20I # 1832
U.A.E. Vs Sri Lanka,Sri Lanka,Dushmantha Chameera,3.5,0,15,3,3.91,16,0,1,0,0,T20I # 1832
U.A.E. Vs Sri Lanka,Sri Lanka,Chamika Karunaratne,2,0,14,0,7.00,5,2,0,0,0,T20I # 1832
U.A.E. Vs Sri Lanka,Sri Lanka,Wanindu Hasaranga,4,1,8,3,2.00,17,0,0,0,0,T20I # 1832
U.A.E. Vs Sri Lanka,Sri Lanka,Dasun Shanaka,1.1,0,7,1,6.00,3,0,0,1,0,T20I # 1832
Ireland Vs Scotland,Ireland,Josh Little,4,0,30,1,7.50,10,2,1,1,0,T20I # 1833
Ireland Vs Scotland,Ireland,Mark Adair,4,0,23,1,5.75,12,2,0,2,0,T20I # 1833
Ireland Vs Scotland,Ireland,Barry McCarthy,4,0,59,0,14.75,4,6,3,1,1,T20I # 1833
Ireland Vs Scotland,Ireland,Gareth Delany,3,0,28,0,9.33,3,2,1,0,0,T20I # 1833
Ireland Vs Scotland,Ireland,Simi Singh,2,0,16,0,8.00,2,2,0,0,0,T20I # 1833
Ireland Vs Scotland,Ireland,Curtis Campher,2,0,9,2,4.50,7,1,0,0,0,T20I # 1833
Ireland Vs Scotland,Ireland,George Dockrell,1,0,9,0,9.00,1,1,0,0,0,T20I # 1833
Ireland Vs Scotland,Scotland,Mark Watt,4,0,39,1,9.75,10,2,1,2,0,T20I # 1833
Ireland Vs Scotland,Scotland,Brad Wheal,4,0,25,1,6.25,11,2,1,0,0,T20I # 1833
Ireland Vs Scotland,Scotland,Josh Davey,4,0,46,0,11.50,5,8,0,1,0,T20I # 1833
Ireland Vs Scotland,Scotland,Safyaan Sharif,3,0,32,1,10.66,3,4,0,1,0,T20I # 1833
Ireland Vs Scotland,Scotland,Chris Greaves,2,0,18,0,9.00,1,0,1,1,0,T20I # 1833
Ireland Vs Scotland,Scotland,Michael Leask,2,0,16,1,8.00,2,1,0,0,0,T20I # 1833
Zimbabwe Vs West Indies,Zimbabwe,Richard Ngarava,3,0,20,0,6.66,9,1,1,1,0,T20I # 1834
Zimbabwe Vs West Indies,Zimbabwe,Tendai Chatara,3,0,22,0,7.33,5,2,0,2,0,T20I # 1834
Zimbabwe Vs West Indies,Zimbabwe,Blessing Muzarabani,4,0,38,2,9.50,10,2,2,2,1,T20I # 1834
Zimbabwe Vs West Indies,Zimbabwe,Ryan Burl,3,0,27,0,9.00,5,3,1,0,0,T20I # 1834
Zimbabwe Vs West Indies,Zimbabwe,Sikandar Raza,4,0,19,3,4.75,7,0,0,0,0,T20I # 1834
Zimbabwe Vs West Indies,Zimbabwe,Sean Williams,3,0,17,1,5.66,7,1,0,0,1,T20I # 1834
Zimbabwe Vs West Indies,West Indies,Kyle Mayers,1,0,17,0,17.00,3,3,0,1,0,T20I # 1834
Zimbabwe Vs West Indies,West Indies,Akeal Hosein,4,0,25,1,6.25,12,1,1,1,1,T20I # 1834
Zimbabwe Vs West Indies,West Indies,Alzarri Joseph,4,0,16,4,4.00,16,1,1,0,0,T20I # 1834
Zimbabwe Vs West Indies,West Indies,Obed McCoy,3,0,19,1,6.33,9,3,0,0,0,T20I # 1834
Zimbabwe Vs West Indies,West Indies,Jason Holder,3.2,0,12,3,3.60,12,1,0,0,0,T20I # 1834
Zimbabwe Vs West Indies,West Indies,Odean Smith,3,0,31,1,10.33,8,4,1,1,1,T20I # 1834
Netherlands Vs Sri Lanka,Netherlands,Fred Klaassen,4,0,34,1,8.50,9,1,2,0,0,T20I # 1835
Netherlands Vs Sri Lanka,Netherlands,Tim Pringle,3,0,22,0,7.33,8,0,2,0,0,T20I # 1835
Netherlands Vs Sri Lanka,Netherlands,Roelof van der Merwe,3,0,16,0,5.33,10,2,0,0,0,T20I # 1835
Netherlands Vs Sri Lanka,Netherlands,Paul van Meekeren,4,0,25,2,6.25,11,3,0,1,0,T20I # 1835
Netherlands Vs Sri Lanka,Netherlands,Bas de Leede,3,0,31,2,10.33,5,2,2,0,0,T20I # 1835
Netherlands Vs Sri Lanka,Netherlands,Timm van der Gugten,3,0,31,1,10.33,3,2,1,0,0,T20I # 1835
Netherlands Vs Sri Lanka,Sri Lanka,Dhananjaya de Silva,1,0,5,0,5.00,1,0,0,0,0,T20I # 1835
Netherlands Vs Sri Lanka,Sri Lanka,Lahiru Kumara,4,0,28,1,7.00,14,2,1,1,0,T20I # 1835
Netherlands Vs Sri Lanka,Sri Lanka,Binura Fernando,4,0,33,1,8.25,11,4,1,1,0,T20I # 1835
Netherlands Vs Sri Lanka,Sri Lanka,Maheesh Theekshana,4,0,32,2,8.00,12,1,2,2,1,T20I # 1835
Netherlands Vs Sri Lanka,Sri Lanka,Wanindu Hasaranga,4,0,28,3,7.00,11,3,0,0,0,T20I # 1835
Netherlands Vs Sri Lanka,Sri Lanka,Chamika Karunaratne,2,0,11,0,5.50,6,1,0,1,0,T20I # 1835
Netherlands Vs Sri Lanka,Sri Lanka,Dasun Shanaka,1,0,7,0,7.00,3,1,0,0,0,T20I # 1835
Namibia Vs U.A.E.,Namibia,Ruben Trumpelmann,4,0,22,0,5.50,10,0,0,3,0,T20I # 1836
Namibia Vs U.A.E.,Namibia,David Wiese,4,0,27,1,6.75,12,2,1,1,0,T20I # 1836
Namibia Vs U.A.E.,Namibia,Bernard Scholtz,4,0,22,1,5.50,11,1,1,0,0,T20I # 1836
Namibia Vs U.A.E.,Namibia,JJ Smit,4,0,39,0,9.75,11,2,3,0,0,T20I # 1836
Namibia Vs U.A.E.,Namibia,Jan Frylinck,3,0,30,0,10.00,3,2,1,1,0,T20I # 1836
Namibia Vs U.A.E.,Namibia,Ben Shikongo,1,0,8,1,8.00,1,1,0,0,0,T20I # 1836
Namibia Vs U.A.E.,U.A.E.,Basil Hameed,3,0,17,2,5.66,10,2,0,0,0,T20I # 1836
Namibia Vs U.A.E.,U.A.E.,Junaid Siddique,4,0,35,1,8.75,8,3,1,2,0,T20I # 1836
Namibia Vs U.A.E.,U.A.E.,Zahoor Khan,4,0,20,2,5.00,15,1,0,2,2,T20I # 1836
Namibia Vs U.A.E.,U.A.E.,Ahmed Raza,1,0,9,0,9.00,1,1,0,0,0,T20I # 1836
Namibia Vs U.A.E.,U.A.E.,Karthik Meiyappan,4,0,34,1,8.50,8,2,2,0,0,T20I # 1836
Namibia Vs U.A.E.,U.A.E.,Aayan Afzal Khan,2,0,7,0,3.50,5,0,0,0,0,T20I # 1836
Namibia Vs U.A.E.,U.A.E.,Muhammad Waseem,2,0,16,1,8.00,3,0,1,0,0,T20I # 1836
Ireland Vs West Indies,Ireland,Josh Little,4,0,31,0,7.75,8,1,2,1,0,T20I # 1837
Ireland Vs West Indies,Ireland,Mark Adair,4,0,26,0,6.50,12,1,1,4,0,T20I # 1837
Ireland Vs West Indies,Ireland,Barry McCarthy,4,0,33,1,8.25,9,3,1,1,0,T20I # 1837
Ireland Vs West Indies,Ireland,Curtis Campher,2,0,28,0,14.00,2,4,1,0,0,T20I # 1837
Ireland Vs West Indies,Ireland,Simi Singh,2,0,11,1,5.50,4,1,0,0,0,T20I # 1837
Ireland Vs West Indies,Ireland,Gareth Delany,4,0,16,3,4.00,12,1,0,1,0,T20I # 1837
Ireland Vs West Indies,West Indies,Obed McCoy,3.3,0,27,0,7.71,11,2,2,0,0,T20I # 1837
Ireland Vs West Indies,West Indies,Akeal Hosein,4,0,38,1,9.50,5,2,2,0,0,T20I # 1837
Ireland Vs West Indies,West Indies,Alzarri Joseph,4,0,39,0,9.75,9,3,2,1,0,T20I # 1837
Ireland Vs West Indies,West Indies,Odean Smith,2,0,23,0,11.50,4,3,1,0,1,T20I # 1837
Ireland Vs West Indies,West Indies,Jason Holder,4,0,23,0,5.75,7,1,0,0,0,T20I # 1837
Zimbabwe Vs Scotland,Zimbabwe,Tendai Chatara,4,1,14,2,3.50,14,1,0,0,0,T20I # 1838
Zimbabwe Vs Scotland,Zimbabwe,Richard Ngarava,4,0,28,2,7.00,12,4,0,1,1,T20I # 1838
Zimbabwe Vs Scotland,Zimbabwe,Blessing Muzarabani,4,0,34,1,8.50,9,5,0,0,2,T20I # 1838
Zimbabwe Vs Scotland,Zimbabwe,Sean Williams,3,0,19,0,6.33,4,1,0,0,0,T20I # 1838
Zimbabwe Vs Scotland,Zimbabwe,Sikandar Raza,4,0,20,1,5.00,10,0,0,2,0,T20I # 1838
Zimbabwe Vs Scotland,Zimbabwe,Wessly Madhevere,1,0,7,0,7.00,1,0,0,0,0,T20I # 1838
Zimbabwe Vs Scotland,Scotland,Brad Wheal,4,0,26,1,6.50,12,4,0,0,0,T20I # 1838
Zimbabwe Vs Scotland,Scotland,Josh Davey,3,0,16,2,5.33,8,1,0,0,1,T20I # 1838
Zimbabwe Vs Scotland,Scotland,Safyaan Sharif,2.3,0,23,0,9.20,4,3,0,0,1,T20I # 1838
Zimbabwe Vs Scotland,Scotland,Mark Watt,4,0,19,1,4.75,9,1,0,0,0,T20I # 1838
Zimbabwe Vs Scotland,Scotland,Michael Leask,4,0,36,1,9.00,4,2,1,0,0,T20I # 1838
Zimbabwe Vs Scotland,Scotland,Calum MacLeod,1,0,11,0,11.00,0,0,1,0,0,T20I # 1838
Australia Vs New Zealand,Australia,Mitchell Starc,4,0,36,0,9.00,5,3,1,0,0,T20I # 1839
Australia Vs New Zealand,Australia,Josh Hazlewood,4,0,41,2,10.25,8,5,1,1,0,T20I # 1839
Australia Vs New Zealand,Australia,Pat Cummins,4,0,46,0,11.50,8,4,2,2,0,T20I # 1839
Australia Vs New Zealand,Australia,Marcus Stoinis,4,0,38,0,9.50,3,1,2,1,0,T20I # 1839
Australia Vs New Zealand,Australia,Adam Zampa,4,0,39,1,9.75,4,2,2,1,0,T20I # 1839
Australia Vs New Zealand,New Zealand,Trent Boult,4,0,24,2,6.00,13,2,1,1,0,T20I # 1839
Australia Vs New Zealand,New Zealand,Tim Southee,2.1,0,6,3,2.76,10,1,0,0,0,T20I # 1839
Australia Vs New Zealand,New Zealand,Mitchell Santner,4,0,31,3,7.75,10,2,2,0,0,T20I # 1839
Australia Vs New Zealand,New Zealand,Lockie Ferguson,3,0,20,1,6.66,9,2,1,0,0,T20I # 1839
Australia Vs New Zealand,New Zealand,Ish Sodhi,4,0,29,1,7.25,8,2,1,1,0,T20I # 1839
England Vs Afghanistan,England,Ben Stokes,4,0,19,2,4.75,14,2,0,1,0,T20I # 1840
England Vs Afghanistan,England,Chris Woakes,4,0,24,1,6.00,15,2,1,1,0,T20I # 1840
England Vs Afghanistan,England,Mark Wood,4,0,23,2,5.75,14,2,1,0,0,T20I # 1840
England Vs Afghanistan,England,Sam Curran,3.4,0,10,5,2.72,16,1,0,1,0,T20I # 1840
England Vs Afghanistan,England,Adil Rashid,4,0,32,0,8.00,4,1,1,0,0,T20I # 1840
England Vs Afghanistan,Afghanistan,Fazalhaq Farooqi,4,0,24,1,6.00,15,2,1,3,0,T20I # 1840
England Vs Afghanistan,Afghanistan,Azmatullah Omarzai,1.1,0,11,0,9.42,2,1,0,3,0,T20I # 1840
England Vs Afghanistan,Afghanistan,Mujeeb Ur Rahman,4,0,22,1,5.50,10,1,0,0,0,T20I # 1840
England Vs Afghanistan,Afghanistan,Rashid Khan,4,0,17,1,4.25,10,0,0,0,0,T20I # 1840
England Vs Afghanistan,Afghanistan,Fareed Ahmad,2,0,23,1,11.50,2,2,0,1,0,T20I # 1840
England Vs Afghanistan,Afghanistan,Mohammad Nabi,3,0,16,1,5.33,6,0,0,0,0,T20I # 1840
Sri Lanka Vs Ireland,Sri Lanka,Binura Fernando,4,0,27,1,6.75,10,3,0,1,0,T20I # 1841
Sri Lanka Vs Ireland,Sri Lanka,Lahiru Kumara,2,0,12,1,6.00,6,2,0,0,0,T20I # 1841
Sri Lanka Vs Ireland,Sri Lanka,Maheesh Theekshana,4,0,19,2,4.75,8,1,0,0,0,T20I # 1841
Sri Lanka Vs Ireland,Sri Lanka,Chamika Karunaratne,4,0,29,1,7.25,7,2,1,0,0,T20I # 1841
Sri Lanka Vs Ireland,Sri Lanka,Wanindu Hasaranga,4,0,25,2,6.25,6,0,1,0,0,T20I # 1841
Sri Lanka Vs Ireland,Sri Lanka,Dhananjaya de Silva,2,0,13,1,6.50,3,1,0,0,0,T20I # 1841
Sri Lanka Vs Ireland,Ireland,Josh Little,4,0,45,0,11.25,5,4,1,1,0,T20I # 1841
Sri Lanka Vs Ireland,Ireland,Mark Adair,2,0,16,0,8.00,2,1,0,0,0,T20I # 1841
Sri Lanka Vs Ireland,Ireland,Barry McCarthy,2,0,16,0,8.00,4,0,1,0,0,T20I # 1841
Sri Lanka Vs Ireland,Ireland,Gareth Delany,4,0,28,1,7.00,8,3,0,2,0,T20I # 1841
Sri Lanka Vs Ireland,Ireland,Curtis Campher,1,0,8,0,8.00,2,1,0,0,0,T20I # 1841
Sri Lanka Vs Ireland,Ireland,Simi Singh,2,0,20,0,10.00,3,0,2,0,0,T20I # 1841
India Vs Pakistan,India,Bhuvneshwar Kumar,4,0,22,1,5.50,17,1,1,3,0,T20I # 1842
India Vs Pakistan,India,Arshdeep Singh,4,0,32,3,8.00,10,3,1,1,0,T20I # 1842
India Vs Pakistan,India,Mohammed Shami,4,0,25,1,6.25,14,4,0,1,0,T20I # 1842
India Vs Pakistan,India,Hardik Pandya,4,0,30,3,7.50,10,4,0,0,0,T20I # 1842
India Vs Pakistan,India,Ravichandran Ashwin,3,0,23,0,7.66,5,0,1,1,0,T20I # 1842
India Vs Pakistan,India,Axar Patel,1,0,21,0,21.00,2,0,3,0,0,T20I # 1842
India Vs Pakistan,Pakistan,Shaheen Shah Afridi,4,0,34,0,8.50,7,4,0,1,0,T20I # 1842
India Vs Pakistan,Pakistan,Naseem Shah,4,0,23,1,5.75,10,1,0,0,0,T20I # 1842
India Vs Pakistan,Pakistan,Haris Rauf,4,0,36,2,9.00,11,2,2,1,0,T20I # 1842
India Vs Pakistan,Pakistan,Shadab Khan,4,0,21,0,5.25,10,2,0,0,0,T20I # 1842
India Vs Pakistan,Pakistan,Mohammad Nawaz,4,0,42,2,10.50,8,0,4,2,1,T20I # 1842
Netherlands Vs Bangladesh,Netherlands,Fred Klaassen,4,0,33,1,8.25,10,5,0,3,0,T20I # 1843
Netherlands Vs Bangladesh,Netherlands,Colin Ackermann,1,0,4,0,4.00,2,0,0,0,0,T20I # 1843
Netherlands Vs Bangladesh,Netherlands,Paul van Meekeren,4,0,21,2,5.25,10,1,0,0,0,T20I # 1843
Netherlands Vs Bangladesh,Netherlands,Bas de Leede,3,0,29,2,9.66,9,3,1,3,0,T20I # 1843
Netherlands Vs Bangladesh,Netherlands,Tim Pringle,2,0,10,1,5.00,4,0,0,0,0,T20I # 1843
Netherlands Vs Bangladesh,Netherlands,Shariz Ahmad,3,0,27,1,9.00,5,1,2,0,0,T20I # 1843
Netherlands Vs Bangladesh,Netherlands,Logan van Beek,3,0,12,1,4.00,7,0,0,1,0,T20I # 1843
Netherlands Vs Bangladesh,Bangladesh,Taskin Ahmed,4,0,25,4,6.25,16,5,0,0,0,T20I # 1843
Netherlands Vs Bangladesh,Bangladesh,Hasan Mahmud,4,1,15,2,3.75,16,2,0,0,0,T20I # 1843
Netherlands Vs Bangladesh,Bangladesh,Shakib Al Hasan,4,0,32,1,8.00,6,0,2,1,0,T20I # 1843
Netherlands Vs Bangladesh,Bangladesh,Mustafizur Rahman,4,0,20,0,5.00,14,2,0,2,0,T20I # 1843
Netherlands Vs Bangladesh,Bangladesh,Soumya Sarkar,3,0,29,1,9.66,5,2,1,1,0,T20I # 1843
Netherlands Vs Bangladesh,Bangladesh,Mosaddek Hossain,1,0,14,0,14.00,0,0,1,0,1,T20I # 1843
South Africa Vs Zimbabwe,South Africa,Kagiso Rabada,2,0,20,0,10.00,4,2,1,0,0,T20I # 1844
South Africa Vs Zimbabwe,South Africa,Wayne Parnell,2,0,6,1,3.00,9,1,0,0,0,T20I # 1844
South Africa Vs Zimbabwe,South Africa,Lungi Ngidi,2,0,20,2,10.00,6,2,1,2,0,T20I # 1844
South Africa Vs Zimbabwe,South Africa,Keshav Maharaj,1,0,10,0,10.00,1,1,0,0,0,T20I # 1844
South Africa Vs Zimbabwe,South Africa,Anrich Nortje,2,0,10,1,5.00,5,0,0,0,0,T20I # 1844
South Africa Vs Zimbabwe,Zimbabwe,Tendai Chatara,1,0,23,0,23.00,0,4,1,0,0,T20I # 1844
South Africa Vs Zimbabwe,Zimbabwe,Richard Ngarava,1,0,17,0,17.00,2,4,0,0,1,T20I # 1844
South Africa Vs Zimbabwe,Zimbabwe,Sikandar Raza,1,0,11,0,11.00,1,0,0,0,1,T20I # 1844
Australia Vs Sri Lanka,Australia,Josh Hazlewood,4,0,26,1,6.50,13,3,0,3,0,T20I # 1845
Australia Vs Sri Lanka,Australia,Pat Cummins,4,0,36,1,9.00,12,5,1,2,0,T20I # 1845
Australia Vs Sri Lanka,Australia,Mitchell Starc,4,0,23,1,5.75,13,1,0,1,0,T20I # 1845
Australia Vs Sri Lanka,Australia,Ashton Agar,4,0,25,1,6.25,8,1,0,1,0,T20I # 1845
Australia Vs Sri Lanka,Australia,Marcus Stoinis,2,0,17,0,8.50,1,1,0,1,0,T20I # 1845
Australia Vs Sri Lanka,Australia,Mitchell Marsh,1,0,14,0,14.00,1,1,1,0,0,T20I # 1845
Australia Vs Sri Lanka,Australia,Glenn Maxwell,1,0,5,1,5.00,2,0,0,0,0,T20I # 1845
Australia Vs Sri Lanka,Sri Lanka,Binura Fernando,0.5,0,5,0,6.00,2,0,0,0,0,T20I # 1845
Australia Vs Sri Lanka,Sri Lanka,Dhananjaya de Silva,2.1,0,18,1,8.30,4,1,1,0,0,T20I # 1845
Australia Vs Sri Lanka,Sri Lanka,Lahiru Kumara,3.3,0,22,0,6.28,15,0,1,3,0,T20I # 1845
Australia Vs Sri Lanka,Sri Lanka,Chamika Karunaratne,3,0,20,1,6.66,6,1,0,1,0,T20I # 1845
Australia Vs Sri Lanka,Sri Lanka,Maheesh Theekshana,3,0,23,1,7.66,11,0,3,1,0,T20I # 1845
Australia Vs Sri Lanka,Sri Lanka,Wanindu Hasaranga,3,0,53,0,17.66,0,3,5,0,0,T20I # 1845
Australia Vs Sri Lanka,Sri Lanka,Dasun Shanaka,1,0,10,0,10.00,2,2,0,0,0,T20I # 1845
England Vs Ireland,England,Ben Stokes,2.2,0,8,1,3.42,7,0,0,0,0,T20I # 1846
England Vs Ireland,England,Chris Woakes,3,0,41,0,13.66,4,6,1,2,0,T20I # 1846
England Vs Ireland,England,Mark Wood,4,0,34,3,8.50,13,4,1,2,0,T20I # 1846
England Vs Ireland,England,Sam Curran,3,0,31,2,10.33,7,1,2,0,0,T20I # 1846
England Vs Ireland,England,Adil Rashid,4,0,24,0,6.00,6,1,0,0,0,T20I # 1846
England Vs Ireland,England,Liam Livingstone,3,0,17,3,5.66,5,1,0,0,0,T20I # 1846
England Vs Ireland,Ireland,Josh Little,3,0,16,2,5.33,11,2,0,2,0,T20I # 1846
England Vs Ireland,Ireland,Mark Adair,2,0,10,0,5.00,5,0,0,0,0,T20I # 1846
England Vs Ireland,Ireland,Barry McCarthy,3,0,20,1,6.66,7,1,0,3,0,T20I # 1846
England Vs Ireland,Ireland,Fionn Hand,2,0,17,1,8.50,6,1,0,4,0,T20I # 1846
England Vs Ireland,Ireland,Gareth Delany,3.3,0,33,0,9.42,5,3,1,1,0,T20I # 1846
England Vs Ireland,Ireland,George Dockrell,1,0,5,1,5.00,2,0,0,0,0,T20I # 1846
Bangladesh Vs South Africa,Bangladesh,Taskin Ahmed,3,0,46,1,15.33,7,6,2,0,3,T20I # 1847
Bangladesh Vs South Africa,Bangladesh,Mehidy Hasan Miraz,3,0,32,0,10.66,4,2,2,0,0,T20I # 1847
Bangladesh Vs South Africa,Bangladesh,Hasan Mahmud,4,0,36,1,9.00,11,3,2,2,0,T20I # 1847
Bangladesh Vs South Africa,Bangladesh,Mustafizur Rahman,4,0,25,0,6.25,7,1,1,0,0,T20I # 1847
Bangladesh Vs South Africa,Bangladesh,Mosaddek Hossain,2,0,16,0,8.00,5,1,1,0,0,T20I # 1847
Bangladesh Vs South Africa,Bangladesh,Shakib Al Hasan,3,0,33,2,11.00,7,1,3,0,1,T20I # 1847
Bangladesh Vs South Africa,Bangladesh,Afif Hossain,1,0,11,1,11.00,1,2,0,0,0,T20I # 1847
Bangladesh Vs South Africa,South Africa,Kagiso Rabada,3,0,24,1,8.00,8,1,2,1,0,T20I # 1847
Bangladesh Vs South Africa,South Africa,Wayne Parnell,2,0,18,0,9.00,3,0,1,1,0,T20I # 1847
Bangladesh Vs South Africa,South Africa,Anrich Nortje,3.3,0,10,4,2.85,16,1,0,0,0,T20I # 1847
Bangladesh Vs South Africa,South Africa,Keshav Maharaj,4,0,24,1,6.00,6,1,0,0,0,T20I # 1847
Bangladesh Vs South Africa,South Africa,Tabraiz Shamsi,4,0,20,3,5.00,12,0,1,2,0,T20I # 1847
Netherlands Vs India,Netherlands,Fred Klaassen,4,0,33,1,8.25,9,2,1,2,0,T20I # 1848
Netherlands Vs India,Netherlands,Tim Pringle,4,0,30,0,7.50,6,3,0,0,0,T20I # 1848
Netherlands Vs India,Netherlands,Paul van Meekeren,4,0,32,1,8.00,9,3,1,0,0,T20I # 1848
Netherlands Vs India,Netherlands,Bas de Leede,3,0,33,0,11.00,6,5,1,1,0,T20I # 1848
Netherlands Vs India,Netherlands,Logan van Beek,4,0,45,0,11.25,3,2,3,0,0,T20I # 1848
Netherlands Vs India,Netherlands,Shariz Ahmad,1,0,5,0,5.00,2,0,0,0,0,T20I # 1848
Netherlands Vs India,India,Bhuvneshwar Kumar,3,2,9,2,3.00,14,1,0,0,0,T20I # 1848
Netherlands Vs India,India,Arshdeep Singh,4,0,37,2,9.25,9,6,0,1,1,T20I # 1848
Netherlands Vs India,India,Mohammed Shami,4,0,27,1,6.75,10,2,0,0,0,T20I # 1848
Netherlands Vs India,India,Axar Patel,4,0,18,2,4.50,11,0,0,0,0,T20I # 1848
Netherlands Vs India,India,Hardik Pandya,1,0,9,0,9.00,1,0,0,1,0,T20I # 1848
Netherlands Vs India,India,Ravichandran Ashwin,4,0,21,2,5.25,13,1,1,1,0,T20I # 1848
Pakistan Vs Zimbabwe,Pakistan,Shaheen Shah Afridi,4,0,29,0,7.25,9,3,0,0,0,T20I # 1849
Pakistan Vs Zimbabwe,Pakistan,Naseem Shah,4,0,34,0,8.50,7,4,0,2,0,T20I # 1849
Pakistan Vs Zimbabwe,Pakistan,Mohammad Wasim,4,0,24,4,6.00,16,2,1,4,0,T20I # 1849
Pakistan Vs Zimbabwe,Pakistan,Haris Rauf,4,1,12,1,3.00,15,0,0,0,0,T20I # 1849
Pakistan Vs Zimbabwe,Pakistan,Shadab Khan,4,0,23,3,5.75,8,1,0,0,0,T20I # 1849
Pakistan Vs Zimbabwe,Zimbabwe,Richard Ngarava,4,0,24,0,6.00,15,2,1,2,0,T20I # 1849
Pakistan Vs Zimbabwe,Zimbabwe,Blessing Muzarabani,4,0,18,1,4.50,11,1,0,0,0,T20I # 1849
Pakistan Vs Zimbabwe,Zimbabwe,Brad Evans,4,0,25,2,6.25,12,2,1,0,0,T20I # 1849
Pakistan Vs Zimbabwe,Zimbabwe,Sikandar Raza,4,0,25,3,6.25,13,2,1,2,0,T20I # 1849
Pakistan Vs Zimbabwe,Zimbabwe,Luke Jongwe,1,0,10,1,10.00,2,2,0,0,0,T20I # 1849
Pakistan Vs Zimbabwe,Zimbabwe,Sean Williams,2,0,15,0,7.50,1,0,0,1,0,T20I # 1849
Pakistan Vs Zimbabwe,Zimbabwe,Ryan Burl,1,0,7,0,7.00,0,0,0,0,0,T20I # 1849
Sri Lanka Vs New Zealand,Sri Lanka,Maheesh Theekshana,4,0,35,1,8.75,7,2,2,1,0,T20I # 1850
Sri Lanka Vs New Zealand,Sri Lanka,Kasun Rajitha,4,0,23,2,5.75,16,3,0,1,2,T20I # 1850
Sri Lanka Vs New Zealand,Sri Lanka,Dhananjaya de Silva,2,0,14,1,7.00,4,1,0,0,0,T20I # 1850
Sri Lanka Vs New Zealand,Sri Lanka,Wanindu Hasaranga,4,0,22,1,5.50,9,1,0,0,0,T20I # 1850
Sri Lanka Vs New Zealand,Sri Lanka,Lahiru Kumara,3,0,37,1,12.33,2,2,2,2,1,T20I # 1850
Sri Lanka Vs New Zealand,Sri Lanka,Chamika Karunaratne,3,0,34,0,11.33,5,3,1,1,0,T20I # 1850
Sri Lanka Vs New Zealand,New Zealand,Tim Southee,4,1,12,1,3.00,18,0,1,1,0,T20I # 1850
Sri Lanka Vs New Zealand,New Zealand,Trent Boult,4,0,13,4,3.25,18,1,0,1,0,T20I # 1850
Sri Lanka Vs New Zealand,New Zealand,Lockie Ferguson,4,0,35,1,8.75,11,4,1,3,0,T20I # 1850
Sri Lanka Vs New Zealand,New Zealand,Mitchell Santner,4,0,21,2,5.25,13,3,0,0,0,T20I # 1850
Sri Lanka Vs New Zealand,New Zealand,Ish Sodhi,3.2,0,21,2,6.30,11,2,1,1,0,T20I # 1850
Zimbabwe Vs Bangladesh,Zimbabwe,Richard Ngarava,4,0,24,2,6.00,11,2,0,2,0,T20I # 1851
Zimbabwe Vs Bangladesh,Zimbabwe,Blessing Muzarabani,2,0,13,2,6.50,8,3,0,0,0,T20I # 1851
Zimbabwe Vs Bangladesh,Zimbabwe,Tendai Chatara,3,0,18,0,6.00,7,1,0,0,0,T20I # 1851
Zimbabwe Vs Bangladesh,Zimbabwe,Sikandar Raza,4,0,35,1,8.75,2,2,1,0,0,T20I # 1851
Zimbabwe Vs Bangladesh,Zimbabwe,Brad Evans,3,0,32,0,10.66,2,3,1,1,0,T20I # 1851
Zimbabwe Vs Bangladesh,Zimbabwe,Wessly Madhevere,2,0,18,0,9.00,0,1,0,0,0,T20I # 1851
Zimbabwe Vs Bangladesh,Zimbabwe,Sean Williams,2,0,10,1,5.00,4,0,0,1,0,T20I # 1851
Zimbabwe Vs Bangladesh,Bangladesh,Taskin Ahmed,4,1,19,3,4.75,15,3,0,0,0,T20I # 1851
Zimbabwe Vs Bangladesh,Bangladesh,Hasan Mahmud,4,0,36,0,9.00,8,5,0,3,0,T20I # 1851
Zimbabwe Vs Bangladesh,Bangladesh,Mosaddek Hossain,4,0,34,2,8.50,11,3,2,0,1,T20I # 1851
Zimbabwe Vs Bangladesh,Bangladesh,Mustafizur Rahman,4,0,15,2,3.75,11,0,0,0,0,T20I # 1851
Zimbabwe Vs Bangladesh,Bangladesh,Shakib Al Hasan,4,0,34,0,8.50,5,3,0,0,0,T20I # 1851
Pakistan Vs Netherlands,Pakistan,Shaheen Shah Afridi,4,0,19,1,4.75,13,1,0,1,0,T20I # 1852
Pakistan Vs Netherlands,Pakistan,Naseem Shah,4,0,11,1,2.75,15,0,0,0,0,T20I # 1852
Pakistan Vs Netherlands,Pakistan,Mohammad Wasim,3,0,15,2,5.00,10,1,0,1,0,T20I # 1852
Pakistan Vs Netherlands,Pakistan,Haris Rauf,3,0,10,1,3.33,11,1,0,0,0,T20I # 1852
Pakistan Vs Netherlands,Pakistan,Shadab Khan,4,0,22,3,5.50,11,2,0,0,0,T20I # 1852
Pakistan Vs Netherlands,Pakistan,Mohammad Nawaz,2,0,11,0,5.50,3,0,0,0,0,T20I # 1852
Pakistan Vs Netherlands,Netherlands,Fred Klaassen,3,0,26,0,8.66,4,3,0,0,0,T20I # 1852
Pakistan Vs Netherlands,Netherlands,Paul van Meekeren,4,0,19,1,4.75,15,2,0,0,0,T20I # 1852
Pakistan Vs Netherlands,Netherlands,Brandon Glover,2.5,0,22,2,7.76,9,3,0,0,0,T20I # 1852
Pakistan Vs Netherlands,Netherlands,Tim Pringle,1,0,12,0,12.00,1,2,0,0,0,T20I # 1852
Pakistan Vs Netherlands,Netherlands,Logan van Beek,2,0,9,0,4.50,5,0,0,0,0,T20I # 1852
Pakistan Vs Netherlands,Netherlands,Roelof van der Merwe,1,0,7,0,7.00,1,0,0,0,0,T20I # 1852
South Africa Vs India,South Africa,Wayne Parnell,4,1,15,3,3.75,16,0,1,0,0,T20I # 1853
South Africa Vs India,South Africa,Kagiso Rabada,4,0,26,0,6.50,13,2,1,1,0,T20I # 1853
South Africa Vs India,South Africa,Lungi Ngidi,4,0,29,4,7.25,10,3,1,0,0,T20I # 1853
South Africa Vs India,South Africa,Anrich Nortje,4,0,23,1,5.75,12,1,1,0,0,T20I # 1853
South Africa Vs India,South Africa,Keshav Maharaj,3,0,28,0,9.33,5,3,1,0,0,T20I # 1853
South Africa Vs India,South Africa,Aiden Markram,1,0,5,0,5.00,1,0,0,0,0,T20I # 1853
South Africa Vs India,India,Bhuvneshwar Kumar,3.4,0,21,0,5.72,13,2,1,0,0,T20I # 1853
South Africa Vs India,India,Arshdeep Singh,4,0,25,2,6.25,13,4,0,1,0,T20I # 1853
South Africa Vs India,India,Mohammed Shami,4,0,13,1,3.25,15,1,0,0,0,T20I # 1853
South Africa Vs India,India,Hardik Pandya,4,0,29,1,7.25,8,3,0,0,0,T20I # 1853
South Africa Vs India,India,Ravichandran Ashwin,4,0,43,1,10.75,5,1,4,0,0,T20I # 1853
Ireland Vs Australia,Ireland,Josh Little,4,0,21,2,5.25,13,2,0,2,0,T20I # 1855
Ireland Vs Australia,Ireland,Mark Adair,4,0,59,0,14.75,6,7,2,6,0,T20I # 1855
Ireland Vs Australia,Ireland,Barry McCarthy,4,0,29,3,7.25,7,2,0,1,0,T20I # 1855
Ireland Vs Australia,Ireland,Gareth Delany,3,0,29,0,9.66,10,2,2,2,0,T20I # 1855
Ireland Vs Australia,Ireland,Fionn Hand,1,0,15,0,15.00,2,0,2,1,0,T20I # 1855
Ireland Vs Australia,Ireland,George Dockrell,4,0,24,0,6.00,8,0,1,0,0,T20I # 1855
Ireland Vs Australia,Australia,Josh Hazlewood,3,0,24,0,8.00,8,1,2,1,0,T20I # 1855
Ireland Vs Australia,Australia,Pat Cummins,4,0,28,2,7.00,14,3,1,1,0,T20I # 1855
Ireland Vs Australia,Australia,Glenn Maxwell,2.1,0,14,2,6.46,6,2,0,0,0,T20I # 1855
Ireland Vs Australia,Australia,Mitchell Starc,4,1,43,2,10.75,11,8,0,2,1,T20I # 1855
Ireland Vs Australia,Australia,Adam Zampa,4,0,19,2,4.75,9,1,0,0,0,T20I # 1855
Ireland Vs Australia,Australia,Marcus Stoinis,1,0,6,1,6.00,2,0,0,0,0,T20I # 1855
Sri Lanka Vs Afghanistan,Sri Lanka,Kasun Rajitha,4,0,31,1,7.75,11,2,1,1,1,T20I # 1856
Sri Lanka Vs Afghanistan,Sri Lanka,Pramod Madushan,3,0,24,0,8.00,7,2,1,0,0,T20I # 1856
Sri Lanka Vs Afghanistan,Sri Lanka,Lahiru Kumara,4,0,30,2,7.50,12,2,1,4,0,T20I # 1856
Sri Lanka Vs Afghanistan,Sri Lanka,Maheesh Theekshana,4,0,33,0,8.25,5,1,1,1,0,T20I # 1856
Sri Lanka Vs Afghanistan,Sri Lanka,Wanindu Hasaranga,4,0,13,3,3.25,12,0,0,0,0,T20I # 1856
Sri Lanka Vs Afghanistan,Sri Lanka,Dhananjaya de Silva,1,0,9,1,9.00,1,1,0,0,0,T20I # 1856
Sri Lanka Vs Afghanistan,Afghanistan,Fazalhaq Farooqi,3.3,1,22,0,6.28,11,3,0,1,0,T20I # 1856
Sri Lanka Vs Afghanistan,Afghanistan,Mujeeb Ur Rahman,4,0,24,2,6.00,12,3,0,0,0,T20I # 1856
Sri Lanka Vs Afghanistan,Afghanistan,Fareed Ahmad,2,0,25,0,12.50,3,3,1,1,0,T20I # 1856
Sri Lanka Vs Afghanistan,Afghanistan,Rashid Khan,4,0,31,2,7.75,10,2,1,1,0,T20I # 1856
Sri Lanka Vs Afghanistan,Afghanistan,Azmatullah Omarzai,2,0,17,0,8.50,2,1,0,1,0,T20I # 1856
Sri Lanka Vs Afghanistan,Afghanistan,Mohammad Nabi,2,0,16,0,8.00,2,0,1,0,0,T20I # 1856
Sri Lanka Vs Afghanistan,Afghanistan,Gulbadin Naib,1,0,12,0,12.00,1,2,0,0,0,T20I # 1856
New Zealand Vs England,New Zealand,Trent Boult,4,0,40,0,10.00,8,4,1,1,0,T20I # 1858
New Zealand Vs England,New Zealand,Tim Southee,4,0,43,1,10.75,9,3,3,0,0,T20I # 1858
New Zealand Vs England,New Zealand,Mitchell Santner,4,0,25,1,6.25,8,2,0,0,0,T20I # 1858
New Zealand Vs England,New Zealand,Lockie Ferguson,4,0,45,2,11.25,6,4,2,0,1,T20I # 1858
New Zealand Vs England,New Zealand,Ish Sodhi,4,0,23,1,5.75,10,2,0,0,0,T20I # 1858
New Zealand Vs England,England,Moeen Ali,1,0,4,0,4.00,3,0,0,0,0,T20I # 1858
New Zealand Vs England,England,Chris Woakes,4,0,33,2,8.25,9,1,2,1,0,T20I # 1858
New Zealand Vs England,England,Adil Rashid,4,0,33,0,8.25,6,0,2,0,0,T20I # 1858
New Zealand Vs England,England,Sam Curran,4,0,26,2,6.50,9,0,0,2,0,T20I # 1858
New Zealand Vs England,England,Mark Wood,3,0,25,1,8.33,8,2,1,1,0,T20I # 1858
New Zealand Vs England,England,Liam Livingstone,3,0,26,0,8.66,4,3,0,0,0,T20I # 1858
New Zealand Vs England,England,Ben Stokes,1,0,10,1,10.00,2,2,0,0,0,T20I # 1858
Netherlands Vs Zimbabwe,Netherlands,Fred Klaassen,4,0,17,1,4.25,17,0,1,2,0,T20I # 1859
Netherlands Vs Zimbabwe,Netherlands,Paul van Meekeren,4,0,29,3,7.25,13,3,0,2,0,T20I # 1859
Netherlands Vs Zimbabwe,Netherlands,Brandon Glover,4,1,29,2,7.25,15,2,2,2,0,T20I # 1859
Netherlands Vs Zimbabwe,Netherlands,Logan van Beek,2.2,0,17,2,7.28,8,1,1,1,0,T20I # 1859
Netherlands Vs Zimbabwe,Netherlands,Bas de Leede,4,0,14,2,3.50,11,0,0,0,0,T20I # 1859
Netherlands Vs Zimbabwe,Netherlands,Roelof van der Merwe,1,0,8,0,8.00,2,1,0,0,0,T20I # 1859
Netherlands Vs Zimbabwe,Zimbabwe,Tendai Chatara,4,0,22,0,5.50,14,4,0,0,0,T20I # 1859
Netherlands Vs Zimbabwe,Zimbabwe,Richard Ngarava,4,0,18,2,4.50,15,1,1,0,0,T20I # 1859
Netherlands Vs Zimbabwe,Zimbabwe,Blessing Muzarabani,4,0,23,2,5.75,14,2,1,1,0,T20I # 1859
Netherlands Vs Zimbabwe,Zimbabwe,Sean Williams,3,0,21,0,7.00,8,2,1,0,0,T20I # 1859
Netherlands Vs Zimbabwe,Zimbabwe,Sikandar Raza,1,0,6,0,6.00,0,0,0,0,0,T20I # 1859
Netherlands Vs Zimbabwe,Zimbabwe,Luke Jongwe,2,0,25,1,12.50,3,4,0,3,1,T20I # 1859
Bangladesh Vs India,Bangladesh,Taskin Ahmed,4,0,15,0,3.75,16,2,0,0,0,T20I # 1860
Bangladesh Vs India,Bangladesh,Shoriful Islam,4,0,57,0,14.25,7,4,4,2,2,T20I # 1860
Bangladesh Vs India,Bangladesh,Hasan Mahmud,4,0,47,3,11.75,7,6,2,0,1,T20I # 1860
Bangladesh Vs India,Bangladesh,Mustafizur Rahman,4,0,31,0,7.75,9,4,0,0,0,T20I # 1860
Bangladesh Vs India,Bangladesh,Shakib Al Hasan,4,0,33,2,8.25,3,2,0,0,0,T20I # 1860
Bangladesh Vs India,India,Bhuvneshwar Kumar,3,0,27,0,9.00,7,2,2,0,0,T20I # 1860
Bangladesh Vs India,India,Arshdeep Singh,4,0,38,2,9.50,10,5,1,0,0,T20I # 1860
Bangladesh Vs India,India,Mohammed Shami,3,0,25,1,8.33,7,2,1,0,0,T20I # 1860
Bangladesh Vs India,India,Axar Patel,1,0,6,0,6.00,2,0,0,0,0,T20I # 1860
Bangladesh Vs India,India,Ravichandran Ashwin,2,0,19,0,9.50,4,3,0,1,0,T20I # 1860
Bangladesh Vs India,India,Hardik Pandya,3,0,28,2,9.33,8,1,3,0,0,T20I # 1860
South Africa Vs Pakistan,South Africa,Wayne Parnell,4,0,31,1,7.75,10,3,1,0,0,T20I # 1861
South Africa Vs Pakistan,South Africa,Kagiso Rabada,4,0,44,1,11.00,7,4,2,0,0,T20I # 1861
South Africa Vs Pakistan,South Africa,Lungi Ngidi,4,0,32,1,8.00,11,3,1,2,0,T20I # 1861
South Africa Vs Pakistan,South Africa,Anrich Nortje,4,0,41,4,10.25,11,1,4,0,1,T20I # 1861
South Africa Vs Pakistan,South Africa,Tabraiz Shamsi,4,0,36,1,9.00,8,2,2,2,0,T20I # 1861
South Africa Vs Pakistan,Pakistan,Shaheen Shah Afridi,3,0,14,3,4.66,11,2,0,0,0,T20I # 1861
South Africa Vs Pakistan,Pakistan,Naseem Shah,3,0,19,1,6.33,10,1,1,1,0,T20I # 1861
South Africa Vs Pakistan,Pakistan,Haris Rauf,3,0,44,1,14.66,2,7,1,1,0,T20I # 1861
South Africa Vs Pakistan,Pakistan,Mohammad Wasim,2,0,13,1,6.50,3,1,0,0,0,T20I # 1861
South Africa Vs Pakistan,Pakistan,Shadab Khan,2,0,16,2,8.00,5,1,1,0,0,T20I # 1861
South Africa Vs Pakistan,Pakistan,Mohammad Nawaz,1,0,2,0,2.00,4,0,0,0,0,T20I # 1861
Ireland Vs New Zealand,Ireland,Josh Little,4,0,22,3,5.50,10,2,0,1,0,T20I # 1862
Ireland Vs New Zealand,Ireland,Mark Adair,4,0,39,1,9.75,9,3,1,3,0,T20I # 1862
Ireland Vs New Zealand,Ireland,Barry McCarthy,4,0,46,0,11.50,4,4,2,0,0,T20I # 1862
Ireland Vs New Zealand,Ireland,Gareth Delany,4,0,30,2,7.50,11,3,1,1,0,T20I # 1862
Ireland Vs New Zealand,Ireland,Fionn Hand,2,0,22,0,11.00,2,2,1,0,0,T20I # 1862
Ireland Vs New Zealand,Ireland,George Dockrell,2,0,18,0,9.00,4,2,0,2,0,T20I # 1862
Ireland Vs New Zealand,New Zealand,Trent Boult,4,0,38,0,9.50,8,4,1,0,0,T20I # 1862
Ireland Vs New Zealand,New Zealand,Tim Southee,4,0,29,2,7.25,8,2,1,0,0,T20I # 1862
Ireland Vs New Zealand,New Zealand,Lockie Ferguson,4,0,22,3,5.50,10,1,0,0,0,T20I # 1862
Ireland Vs New Zealand,New Zealand,Mitchell Santner,4,0,26,2,6.50,12,3,1,0,0,T20I # 1862
Ireland Vs New Zealand,New Zealand,Ish Sodhi,4,0,31,2,7.75,10,0,2,1,0,T20I # 1862
Afghanistan Vs Australia,Afghanistan,Fazalhaq Farooqi,4,0,29,2,7.25,13,4,1,0,0,T20I # 1864
Afghanistan Vs Australia,Afghanistan,Mujeeb Ur Rahman,4,0,42,1,10.50,5,4,1,1,0,T20I # 1864
Afghanistan Vs Australia,Afghanistan,Naveen-ul-Haq,4,0,21,3,5.25,11,2,0,0,0,T20I # 1864
Afghanistan Vs Australia,Afghanistan,Gulbadin Naib,3,0,31,0,10.33,6,3,2,0,0,T20I # 1864
Afghanistan Vs Australia,Afghanistan,Rashid Khan,4,0,29,1,7.25,9,2,1,1,0,T20I # 1864
Afghanistan Vs Australia,Afghanistan,Mohammad Nabi,1,0,14,0,14.00,1,1,1,0,0,T20I # 1864
Afghanistan Vs Australia,Australia,Josh Hazlewood,4,0,33,2,8.25,13,2,3,0,0,T20I # 1864
Afghanistan Vs Australia,Australia,Pat Cummins,4,0,22,0,5.50,12,2,0,0,0,T20I # 1864
Afghanistan Vs Australia,Australia,Marcus Stoinis,2,0,26,0,13.00,2,2,1,2,0,T20I # 1864
Afghanistan Vs Australia,Australia,Kane Richardson,4,0,48,1,12.00,4,3,3,1,0,T20I # 1864
Afghanistan Vs Australia,Australia,Adam Zampa,4,0,22,2,5.50,11,1,0,0,0,T20I # 1864
Afghanistan Vs Australia,Australia,Cameron Green,2,0,13,0,6.50,7,1,1,0,0,T20I # 1864
England Vs Sri Lanka,England,Ben Stokes,3,0,24,1,8.00,8,1,2,0,0,T20I # 1867
England Vs Sri Lanka,England,Chris Woakes,3,0,24,1,8.00,5,3,0,1,0,T20I # 1867
England Vs Sri Lanka,England,Mark Wood,3,0,26,3,8.66,8,1,2,1,0,T20I # 1867
England Vs Sri Lanka,England,Sam Curran,4,0,27,1,6.75,10,2,1,0,0,T20I # 1867
England Vs Sri Lanka,England,Adil Rashid,4,0,16,1,4.00,11,0,0,0,0,T20I # 1867
England Vs Sri Lanka,England,Liam Livingstone,2,0,16,0,8.00,2,0,1,0,0,T20I # 1867
England Vs Sri Lanka,England,Moeen Ali,1,0,5,0,5.00,1,0,0,0,0,T20I # 1867
England Vs Sri Lanka,Sri Lanka,Maheesh Theekshana,4,0,22,0,5.50,11,1,0,1,0,T20I # 1867
England Vs Sri Lanka,Sri Lanka,Kasun Rajitha,3,0,40,0,13.33,4,5,1,2,0,T20I # 1867
England Vs Sri Lanka,Sri Lanka,Lahiru Kumara,3.4,0,24,2,6.54,11,3,0,0,1,T20I # 1867
England Vs Sri Lanka,Sri Lanka,Wanindu Hasaranga,4,0,23,2,5.75,11,1,1,0,0,T20I # 1867
England Vs Sri Lanka,Sri Lanka,Dhananjaya de Silva,4,0,24,2,6.00,7,1,0,0,0,T20I # 1867
England Vs Sri Lanka,Sri Lanka,Charith Asalanka,1,0,8,0,8.00,1,1,0,0,0,T20I # 1867
South Africa Vs Netherlands,South Africa,Wayne Parnell,4,0,32,0,8.00,10,2,2,1,0,T20I # 1871
South Africa Vs Netherlands,South Africa,Kagiso Rabada,3,0,37,0,12.33,6,7,0,0,0,T20I # 1871
South Africa Vs Netherlands,South Africa,Lungi Ngidi,3,0,35,0,11.66,3,5,0,0,0,T20I # 1871
South Africa Vs Netherlands,South Africa,Anrich Nortje,4,0,10,1,2.50,14,0,0,0,0,T20I # 1871
South Africa Vs Netherlands,South Africa,Keshav Maharaj,4,0,27,2,6.75,12,1,2,0,0,T20I # 1871
South Africa Vs Netherlands,South Africa,Aiden Markram,2,0,16,1,8.00,3,0,1,1,0,T20I # 1871
South Africa Vs Netherlands,Netherlands,Fred Klaassen,4,0,20,2,5.00,15,3,0,0,0,T20I # 1871
South Africa Vs Netherlands,Netherlands,Paul van Meekeren,3,0,33,1,11.00,5,1,2,1,1,T20I # 1871
South Africa Vs Netherlands,Netherlands,Colin Ackermann,3,0,16,0,5.33,6,1,0,0,0,T20I # 1871
South Africa Vs Netherlands,Netherlands,Roelof van der Merwe,2,0,19,0,9.50,2,2,0,0,0,T20I # 1871
South Africa Vs Netherlands,Netherlands,Brandon Glover,2,0,9,3,4.50,5,0,0,1,0,T20I # 1871
South Africa Vs Netherlands,Netherlands,Logan van Beek,3,0,23,0,7.66,4,1,1,0,0,T20I # 1871
South Africa Vs Netherlands,Netherlands,Bas de Leede,3,0,25,2,8.33,4,1,0,1,2,T20I # 1871
Pakistan Vs Bangladesh,Pakistan,Shaheen Shah Afridi,4,0,22,4,5.50,13,2,1,0,0,T20I # 1872
Pakistan Vs Bangladesh,Pakistan,Naseem Shah,3,0,15,0,5.00,9,2,0,0,0,T20I # 1872
Pakistan Vs Bangladesh,Pakistan,Mohammad Wasim,2,0,19,0,9.50,5,1,1,1,0,T20I # 1872
Pakistan Vs Bangladesh,Pakistan,Haris Rauf,4,0,21,1,5.25,11,2,0,0,0,T20I # 1872
Pakistan Vs Bangladesh,Pakistan,Shadab Khan,4,0,30,2,7.50,8,3,0,0,0,T20I # 1872
Pakistan Vs Bangladesh,Pakistan,Iftikhar Ahmed,3,0,15,1,5.00,9,2,0,0,0,T20I # 1872
Pakistan Vs Bangladesh,Bangladesh,Taskin Ahmed,3,0,26,0,8.66,10,1,2,0,1,T20I # 1872
Pakistan Vs Bangladesh,Bangladesh,Nasum Ahmed,4,0,14,1,3.50,13,0,0,2,0,T20I # 1872
Pakistan Vs Bangladesh,Bangladesh,Shakib Al Hasan,4,0,35,1,8.75,6,5,0,0,0,T20I # 1872
Pakistan Vs Bangladesh,Bangladesh,Mustafizur Rahman,4,0,21,1,5.25,8,0,0,0,0,T20I # 1872
Pakistan Vs Bangladesh,Bangladesh,Ebadot Hossain,3.1,0,25,1,7.89,7,1,1,0,1,T20I # 1872
Zimbabwe Vs India,Zimbabwe,Richard Ngarava,4,1,44,1,11.00,12,2,4,1,1,T20I # 1873
Zimbabwe Vs India,Zimbabwe,Tendai Chatara,4,0,34,0,8.50,5,3,1,0,0,T20I # 1873
Zimbabwe Vs India,Zimbabwe,Blessing Muzarabani,4,0,50,1,12.50,5,8,0,1,0,T20I # 1873
Zimbabwe Vs India,Zimbabwe,Wellington Masakadza,2,0,12,0,6.00,5,1,0,1,0,T20I # 1873
Zimbabwe Vs India,Zimbabwe,Ryan Burl,1,0,14,0,14.00,1,1,1,0,0,T20I # 1873
Zimbabwe Vs India,Zimbabwe,Sikandar Raza,3,0,18,1,6.00,5,0,1,0,0,T20I # 1873
Zimbabwe Vs India,Zimbabwe,Sean Williams,2,0,9,2,4.50,6,0,0,2,0,T20I # 1873
Zimbabwe Vs India,India,Bhuvneshwar Kumar,3,1,11,1,3.66,14,1,0,1,0,T20I # 1873
Zimbabwe Vs India,India,Arshdeep Singh,2,0,9,1,4.50,9,1,0,2,0,T20I # 1873
Zimbabwe Vs India,India,Mohammed Shami,2,0,14,2,7.00,7,1,1,0,0,T20I # 1873
Zimbabwe Vs India,India,Hardik Pandya,3,0,16,2,5.33,10,1,0,2,1,T20I # 1873
Zimbabwe Vs India,India,Ravichandran Ashwin,4,0,22,3,5.50,13,3,0,1,0,T20I # 1873
Zimbabwe Vs India,India,Axar Patel,3.2,0,40,1,12.00,4,5,1,0,0,T20I # 1873
Pakistan Vs New Zealand,Pakistan,Shaheen Shah Afridi,4,0,24,2,6.00,11,2,0,0,0,T20I # 1877
Pakistan Vs New Zealand,Pakistan,Naseem Shah,4,0,30,0,7.50,8,3,0,0,0,T20I # 1877
Pakistan Vs New Zealand,Pakistan,Haris Rauf,4,0,32,0,8.00,6,2,0,0,0,T20I # 1877
Pakistan Vs New Zealand,Pakistan,Mohammad Wasim,2,0,15,0,7.50,3,0,1,0,0,T20I # 1877
Pakistan Vs New Zealand,Pakistan,Shadab Khan,4,0,33,0,8.25,7,3,1,0,0,T20I # 1877
Pakistan Vs New Zealand,Pakistan,Mohammad Nawaz,2,0,12,1,6.00,2,0,0,0,0,T20I # 1877
Pakistan Vs New Zealand,New Zealand,Trent Boult,4,0,33,2,8.25,9,5,0,0,0,T20I # 1877
Pakistan Vs New Zealand,New Zealand,Tim Southee,3.1,0,24,0,7.57,7,3,0,2,0,T20I # 1877
Pakistan Vs New Zealand,New Zealand,Lockie Ferguson,4,0,37,0,9.25,7,4,1,1,0,T20I # 1877
Pakistan Vs New Zealand,New Zealand,Mitchell Santner,4,0,26,1,6.50,6,1,0,0,0,T20I # 1877
Pakistan Vs New Zealand,New Zealand,Ish Sodhi,4,0,26,0,6.50,4,1,0,0,0,T20I # 1877
England Vs India,England,Ben Stokes,2,0,18,0,9.00,5,2,1,0,0,T20I # 1878
England Vs India,England,Chris Woakes,3,0,24,1,8.00,5,1,1,2,0,T20I # 1878
England Vs India,England,Sam Curran,4,0,42,0,10.50,9,5,2,0,0,T20I # 1878
England Vs India,England,Adil Rashid,4,0,20,1,5.00,8,1,0,0,0,T20I # 1878
England Vs India,England,Liam Livingstone,3,0,21,0,7.00,7,3,0,0,0,T20I # 1878
England Vs India,England,Chris Jordan,4,0,43,3,10.75,8,3,3,1,0,T20I # 1878
England Vs India,India,Bhuvneshwar Kumar,2,0,25,0,12.50,4,3,1,1,0,T20I # 1878
England Vs India,India,Arshdeep Singh,2,0,15,0,7.50,4,2,0,1,0,T20I # 1878
England Vs India,India,Axar Patel,4,0,30,0,7.50,10,2,2,0,0,T20I # 1878
England Vs India,India,Mohammed Shami,3,0,39,0,13.00,7,4,3,0,0,T20I # 1878
England Vs India,India,Ravichandran Ashwin,2,0,27,0,13.50,1,1,2,1,0,T20I # 1878
England Vs India,India,Hardik Pandya,3,0,34,0,11.33,5,1,2,0,0,T20I # 1878
England Vs Pakistan,England,Ben Stokes,4,0,32,1,8.00,6,1,0,2,1,T20I # 1879
England Vs Pakistan,England,Chris Woakes,3,0,26,0,8.66,7,2,1,2,0,T20I # 1879
England Vs Pakistan,England,Sam Curran,4,0,12,3,3.00,15,0,0,0,0,T20I # 1879
England Vs Pakistan,England,Adil Rashid,4,1,22,2,5.50,10,1,0,1,0,T20I # 1879
England Vs Pakistan,England,Chris Jordan,4,0,27,2,6.75,9,3,0,0,0,T20I # 1879
England Vs Pakistan,England,Liam Livingstone,1,0,16,0,16.00,1,1,1,1,0,T20I # 1879
England Vs Pakistan,Pakistan,Shaheen Shah Afridi,2.1,0,13,1,6.00,6,1,0,0,0,T20I # 1879
England Vs Pakistan,Pakistan,Naseem Shah,4,0,30,0,7.50,15,3,1,1,0,T20I # 1879
England Vs Pakistan,Pakistan,Haris Rauf,4,0,23,2,5.75,13,3,0,1,0,T20I # 1879
England Vs Pakistan,Pakistan,Shadab Khan,4,0,20,1,5.00,10,1,0,0,0,T20I # 1879
England Vs Pakistan,Pakistan,Mohammad Wasim,4,0,38,1,9.50,5,5,0,2,0,T20I # 1879
England Vs Pakistan,Pakistan,Iftikhar Ahmed,0.5,0,13,0,15.60,0,1,1,0,0,T20I # 1879
