name,team,player_link,battingStyle,bowlingStyle,playingRole
Michael van Lingen,Namibia,https://www.espncricinfo.com/cricketers/michael-van-lingen-833777,Left hand Bat,"Left arm Medium, Slow Left arm Orthodox",Bowling Allrounder
Divan la Cock,Namibia,https://www.espncricinfo.com/cricketers/divan-la-cock-1178065,Right hand Bat,Legbreak,Opening Batter
Jan Nicol Loftie-Eaton,Namibia,https://www.espncricinfo.com/cricketers/jan-nicol-loftie-eaton-1071473,Left hand Bat,"Right arm Medium, Legbreak",Batter
Stephan Baard,Namibia,https://www.espncricinfo.com/cricketers/stephan-baard-437927,Right hand Bat,Right arm Medium fast,Batter
Gerhard Erasmus,Namibia,https://www.espncricinfo.com/cricketers/gerhard-erasmus-519070,Right hand Bat,Right arm Offbreak,Allrounder
Jan Frylinck,Namibia,https://www.espncricinfo.com/cricketers/jan-frylinck-482478,Left hand Bat,Left arm Fast medium,Allrounder
David Wiese,Namibia,https://www.espncricinfo.com/cricketers/david-wiese-221140,Right hand Bat,Right arm Medium fast,Allrounder
JJ Smit,Namibia,https://www.espncricinfo.com/cricketers/jj-smit-553821,Right hand Bat,Left arm Medium fast,Bowling Allrounder
Pathum Nissanka,Sri Lanka,https://www.espncricinfo.com/cricketers/pathum-nissanka-1028655,Right hand Bat,,Top order Batter
Kusal Mendis,Sri Lanka,https://www.espncricinfo.com/cricketers/kusal-mendis-629074,Right hand Bat,Legbreak,Wicketkeeper Batter
Dhananjaya de Silva,Sri Lanka,https://www.espncricinfo.com/cricketers/dhananjaya-de-silva-465793,Right hand Bat,Right arm Offbreak,Allrounder
Danushka Gunathilaka,Sri Lanka,https://www.espncricinfo.com/cricketers/danushka-gunathilaka-345821,Left hand Bat,Right arm Offbreak,Allrounder
Bhanuka Rajapaksa,Sri Lanka,https://www.espncricinfo.com/cricketers/bhanuka-rajapaksa-342619,Left hand Bat,Right arm Medium,Top order Batter
Dasun Shanaka,Sri Lanka,https://www.espncricinfo.com/cricketers/dasun-shanaka-437316,Right hand Bat,Right arm Medium,Allrounder
Wanindu Hasaranga,Sri Lanka,https://www.espncricinfo.com/cricketers/wanindu-hasaranga-784379,Right hand Bat,Legbreak,Allrounder
Chamika Karunaratne,Sri Lanka,https://www.espncricinfo.com/cricketers/chamika-karunaratne-623695,Right hand Bat,Right arm Medium fast,Bowling Allrounder
Pramod Madushan,Sri Lanka,https://www.espncricinfo.com/cricketers/pramod-madushan-826689,Right hand Bat,Right arm Medium fast,Bowler
Dushmantha Chameera,Sri Lanka,https://www.espncricinfo.com/cricketers/dushmantha-chameera-552152,Right hand Bat,Right arm Fast,Bowler
Maheesh Theekshana,Sri Lanka,https://www.espncricinfo.com/cricketers/maheesh-theekshana-1138316,Right hand Bat,Right arm Offbreak,Bowler
Chirag Suri,U.A.E.,https://www.espncricinfo.com/cricketers/chirag-suri-534734,Right hand Bat,"Right arm Offbreak, Legbreak Googly",Opening Batter
Muhammad Waseem,U.A.E.,https://www.espncricinfo.com/cricketers/muhammad-waseem-1241277,Right hand Bat,Right arm Medium,Opening Batter
Kashif Daud,U.A.E.,https://www.espncricinfo.com/cricketers/kashif-daud-229225,Right hand Bat,Right arm Medium fast,Bowling Allrounder
Vriitya Aravind,U.A.E.,https://www.espncricinfo.com/cricketers/vriitya-aravind-1178586,Right hand Bat,,Wicketkeeper Batter
Zawar Farid,U.A.E.,https://www.espncricinfo.com/cricketers/zawar-farid-1196500,Right hand Bat,Right arm Medium,Bowler
Basil Hameed,U.A.E.,https://www.espncricinfo.com/cricketers/basil-hameed-1209110,Right hand Bat,Right arm Offbreak,Middle order Batter
Chundangapoyil Rizwan,U.A.E.,https://www.espncricinfo.com/cricketers/chundangapoyil-rizwan-474760,Right hand Bat,Legbreak Googly,Middle order Batter
Aayan Afzal Khan,U.A.E.,https://www.espncricinfo.com/cricketers/aayan-afzal-khan-1241265,Right hand Bat,Slow Left arm Orthodox,Bowling Allrounder
Karthik Meiyappan,U.A.E.,https://www.espncricinfo.com/cricketers/karthik-meiyappan-1058987,Right hand Bat,Legbreak,Bowler
Junaid Siddique,U.A.E.,https://www.espncricinfo.com/cricketers/junaid-siddique-1203754,Right hand Bat,Right arm Medium fast,Bowler
Vikramjit Singh,Netherlands,https://www.espncricinfo.com/cricketers/vikramjit-singh-1153767,Left hand Bat,Right arm Medium,Opening Batter
Max O'Dowd,Netherlands,https://www.espncricinfo.com/cricketers/max-o-dowd-643197,Right hand Bat,Right arm Offbreak,Opening Batter
Bas de Leede,Netherlands,https://www.espncricinfo.com/cricketers/bas-de-leede-1036191,Right hand Bat,Right arm Fast medium,Batting Allrounder
Colin Ackermann,Netherlands,https://www.espncricinfo.com/cricketers/colin-ackermann-379774,Right hand Bat,Right arm Offbreak,Batting Allrounder
Tom Cooper,Netherlands,https://www.espncricinfo.com/cricketers/tom-cooper-219885,Right hand Bat,Right arm Offbreak,Middle order Batter
Scott Edwards,Netherlands,https://www.espncricinfo.com/cricketers/scott-edwards-1127317,Right hand Bat,,Wicketkeeper Batter
Roelof van der Merwe,Netherlands,https://www.espncricinfo.com/cricketers/roelof-van-der-merwe-47850,Right hand Bat,Slow Left arm Orthodox,Bowling Allrounder
Tim Pringle,Netherlands,https://www.espncricinfo.com/cricketers/tim-pringle-1193548,Right hand Bat,Slow Left arm Orthodox,Allrounder
Logan van Beek,Netherlands,https://www.espncricinfo.com/cricketers/logan-van-beek-440522,Right hand Bat,Right arm Medium fast,Bowler
George Munsey,Scotland,https://www.espncricinfo.com/cricketers/george-munsey-671805,Left hand Bat,Right arm Medium fast,Opening Batter
Michael Jones,Scotland,https://www.espncricinfo.com/cricketers/michael-jones-1093091,Right hand Bat,Right arm Offbreak,Top order Batter
Matthew Cross,Scotland,https://www.espncricinfo.com/cricketers/matthew-cross-417268,Right hand Bat,,Wicketkeeper Batter
Richie Berrington,Scotland,https://www.espncricinfo.com/cricketers/richie-berrington-25490,Right hand Bat,Right arm Medium fast,Top order Batter
Calum MacLeod,Scotland,https://www.espncricinfo.com/cricketers/calum-macleod-232435,Right hand Bat,"Right arm Medium fast, Right arm Offbreak",Top order Batter
Michael Leask,Scotland,https://www.espncricinfo.com/cricketers/michael-leask-414966,Right hand Bat,Right arm Offbreak,Allrounder
Chris Greaves,Scotland,https://www.espncricinfo.com/cricketers/chris-greaves-873199,Right hand Bat,Legbreak,Bowler
Kyle Mayers,West Indies,https://www.espncricinfo.com/cricketers/kyle-mayers-348056,Left hand Bat,Right arm Medium,Batting Allrounder
Evin Lewis,West Indies,https://www.espncricinfo.com/cricketers/evin-lewis-431901,Left hand Bat,,Opening Batter
Brandon King,West Indies,https://www.espncricinfo.com/cricketers/brandon-king-670035,Right hand Bat,,Top order Batter
Nicholas Pooran,West Indies,https://www.espncricinfo.com/cricketers/nicholas-pooran-604302,Left hand Bat,Right arm Offbreak,Wicketkeeper Batter
Shamarh Brooks,West Indies,https://www.espncricinfo.com/cricketers/shamarh-brooks-230555,Right hand Bat,Legbreak,Top order Batter
Rovman Powell,West Indies,https://www.espncricinfo.com/cricketers/rovman-powell-820351,Right hand Bat,Right arm Medium fast,Middle order Batter
Jason Holder,West Indies,https://www.espncricinfo.com/cricketers/jason-holder-391485,Right hand Bat,Right arm Medium fast,Bowling Allrounder
Akeal Hosein,West Indies,https://www.espncricinfo.com/cricketers/akeal-hosein-530812,Left hand Bat,Slow Left arm Orthodox,Bowler
Alzarri Joseph,West Indies,https://www.espncricinfo.com/cricketers/alzarri-joseph-670031,Right hand Bat,Right arm Fast,Bowler
Odean Smith,West Indies,https://www.espncricinfo.com/cricketers/odean-smith-820691,Right hand Bat,Right arm Fast medium,Bowling Allrounder
Obed McCoy,West Indies,https://www.espncricinfo.com/cricketers/obed-mccoy-906783,Left hand Bat,Left arm Fast medium,Bowler
Regis Chakabva,Zimbabwe,https://www.espncricinfo.com/cricketers/regis-chakabva-293831,Right hand Bat,Right arm Offbreak,Wicketkeeper Batter
Craig Ervine,Zimbabwe,https://www.espncricinfo.com/cricketers/craig-ervine-55412,Left hand Bat,Right arm Offbreak,Middle order Batter
Wessly Madhevere,Zimbabwe,https://www.espncricinfo.com/cricketers/wessly-madhevere-938959,Right hand Bat,Right arm Offbreak,Allrounder
Sean Williams,Zimbabwe,https://www.espncricinfo.com/cricketers/sean-williams-55870,Left hand Bat,Slow Left arm Orthodox,Middle order Batter
Sikandar Raza,Zimbabwe,https://www.espncricinfo.com/cricketers/sikandar-raza-299572,Right hand Bat,Right arm Offbreak,Batting Allrounder
Milton Shumba,Zimbabwe,https://www.espncricinfo.com/cricketers/milton-shumba-951781,Left hand Bat,Slow Left arm Orthodox,Top order Batter
Ryan Burl,Zimbabwe,https://www.espncricinfo.com/cricketers/ryan-burl-495964,Left hand Bat,Legbreak,Middle order Batter
Luke Jongwe,Zimbabwe,https://www.espncricinfo.com/cricketers/luke-jongwe-541224,Right hand Bat,Right arm Fast medium,Allrounder
Paul Stirling,Ireland,https://www.espncricinfo.com/cricketers/paul-stirling-303427,Right hand Bat,Right arm Offbreak,Batting Allrounder
Andy Balbirnie,Ireland,https://www.espncricinfo.com/cricketers/andy-balbirnie-303423,Right hand Bat,Right arm Offbreak,Batter
Lorcan Tucker,Ireland,https://www.espncricinfo.com/cricketers/lorcan-tucker-928057,Right hand Bat,,Wicketkeeper Batter
Harry Tector,Ireland,https://www.espncricinfo.com/cricketers/harry-tector-961407,Right hand Bat,Right arm Offbreak,Middle order Batter
Curtis Campher,Ireland,https://www.espncricinfo.com/cricketers/curtis-campher-595921,Right hand Bat,Right arm Medium fast,Allrounder
George Dockrell,Ireland,https://www.espncricinfo.com/cricketers/george-dockrell-348034,Right hand Bat,Slow Left arm Orthodox,Allrounder
Gareth Delany,Ireland,https://www.espncricinfo.com/cricketers/gareth-delany-1099379,Right hand Bat,Legbreak Googly,Batting Allrounder
Mark Adair,Ireland,https://www.espncricinfo.com/cricketers/mark-adair-526441,Right hand Bat,Right arm Fast medium,Bowling Allrounder
Simi Singh,Ireland,https://www.espncricinfo.com/cricketers/simi-singh-1005257,Right hand Bat,"Right arm Offbreak, Legbreak Googly",Bowling Allrounder
Barry McCarthy,Ireland,https://www.espncricinfo.com/cricketers/barry-mccarthy-348059,Right hand Bat,Right arm Fast medium,Bowler
Josh Little,Ireland,https://www.espncricinfo.com/cricketers/josh-little-928067,Right hand Bat,Left arm Fast medium,Bowler
Charith Asalanka,Sri Lanka,https://www.espncricinfo.com/cricketers/charith-asalanka-784367,Left hand Bat,Right arm Offbreak,Batting Allrounder
Aryan Lakra,U.A.E.,https://www.espncricinfo.com/cricketers/aryan-lakra-1058989,Left hand Bat,Slow Left arm Orthodox,Bowler
Zahoor Khan,U.A.E.,https://www.espncricinfo.com/cricketers/zahoor-khan-384525,Right hand Bat,Right arm Medium fast,Bowler
Johnson Charles,West Indies,https://www.espncricinfo.com/cricketers/johnson-charles-333066,Right hand Bat,,Wicketkeeper Batter
Tony Munyonga,Zimbabwe,https://www.espncricinfo.com/cricketers/tony-munyonga-1122853,Right hand Bat,Right arm Offbreak,Allrounder
Richard Ngarava,Zimbabwe,https://www.espncricinfo.com/cricketers/richard-ngarava-806241,Left hand Bat,Left arm Fast medium,Bowler
Tendai Chatara,Zimbabwe,https://www.espncricinfo.com/cricketers/tendai-chatara-425639,Right hand Bat,Right arm Fast medium,Bowler
Blessing Muzarabani,Zimbabwe,https://www.espncricinfo.com/cricketers/blessing-muzarabani-827051,Right hand Bat,Right arm Fast medium,Bowler
Timm van der Gugten,Netherlands,https://www.espncricinfo.com/cricketers/timm-van-der-gugten-333782,Right hand Bat,Right arm Fast medium,Bowler
Fred Klaassen,Netherlands,https://www.espncricinfo.com/cricketers/fred-klaassen-1104703,Right hand Bat,Left arm Fast medium,Bowler
Paul van Meekeren,Netherlands,https://www.espncricinfo.com/cricketers/paul-van-meekeren-348109,Right hand Bat,Right arm Fast medium,Bowler
Alishan Sharafu,U.A.E.,https://www.espncricinfo.com/cricketers/alishan-sharafu-1161038,Right hand Bat,Right arm Medium,Opening Batter
Zane Green,Namibia,https://www.espncricinfo.com/cricketers/zane-green-596664,Left hand Bat,,Wicketkeeper Batter
Ruben Trumpelmann,Namibia,https://www.espncricinfo.com/cricketers/ruben-trumpelmann-698317,Right hand Bat,Left arm Fast,Bowler
Bernard Scholtz,Namibia,https://www.espncricinfo.com/cricketers/bernard-scholtz-330223,Right hand Bat,Slow Left arm Orthodox,Bowler
Josh Davey,Scotland,https://www.espncricinfo.com/cricketers/josh-davey-407265,Right hand Bat,Right arm Medium fast,Bowler
Finn Allen,New Zealand,https://www.espncricinfo.com/cricketers/finn-allen-959759,Right hand Bat,,Top order Batter
Devon Conway,New Zealand,https://www.espncricinfo.com/cricketers/devon-conway-379140,Left hand Bat,Right arm Medium,Wicketkeeper Batter
Kane Williamson,New Zealand,https://www.espncricinfo.com/cricketers/kane-williamson-277906,Right hand Bat,Right arm Offbreak,Top order Batter
Glenn Phillips,New Zealand,https://www.espncricinfo.com/cricketers/glenn-phillips-823509,Right hand Bat,Right arm Offbreak,Wicketkeeper Batter
James Neesham,New Zealand,https://www.espncricinfo.com/cricketers/james-neesham-355269,Left hand Bat,Right arm Medium fast,Batting Allrounder
David Warner,Australia,https://www.espncricinfo.com/cricketers/david-warner-219889,Left hand Bat,Legbreak,Opening Batter
Aaron Finch,Australia,https://www.espncricinfo.com/cricketers/aaron-finch-5334,Right hand Bat,Slow Left arm Orthodox,Top order Batter
Mitchell Marsh,Australia,https://www.espncricinfo.com/cricketers/mitchell-marsh-272450,Right hand Bat,Right arm Medium,Allrounder
Glenn Maxwell,Australia,https://www.espncricinfo.com/cricketers/glenn-maxwell-325026,Right hand Bat,Right arm Offbreak,Batting Allrounder
Marcus Stoinis,Australia,https://www.espncricinfo.com/cricketers/marcus-stoinis-325012,Right hand Bat,Right arm Medium,Batting Allrounder
Tim David,Australia,https://www.espncricinfo.com/cricketers/tim-david-892749,Right hand Bat,Right arm Offbreak,Middle order Batter
Matthew Wade,Australia,https://www.espncricinfo.com/cricketers/matthew-wade-230193,Left hand Bat,Right arm Medium,Wicketkeeper Batter
Pat Cummins,Australia,https://www.espncricinfo.com/cricketers/pat-cummins-489889,Right hand Bat,Right arm Fast,Bowler
Mitchell Starc,Australia,https://www.espncricinfo.com/cricketers/mitchell-starc-311592,Left hand Bat,Left arm Fast,Bowler
Adam Zampa,Australia,https://www.espncricinfo.com/cricketers/adam-zampa-379504,Right hand Bat,Legbreak Googly,Bowler
Josh Hazlewood,Australia,https://www.espncricinfo.com/cricketers/josh-hazlewood-288284,Left hand Bat,Right arm Fast medium,Bowler
Hazratullah Zazai,Afghanistan,https://www.espncricinfo.com/cricketers/hazratullah-zazai-793457,Left hand Bat,Slow Left arm Orthodox,Opening Batter
Rahmanullah Gurbaz,Afghanistan,https://www.espncricinfo.com/cricketers/rahmanullah-gurbaz-974087,Right hand Bat,,Wicketkeeper Batter
Ibrahim Zadran,Afghanistan,https://www.espncricinfo.com/cricketers/ibrahim-zadran-921509,Right hand Bat,Right arm Medium fast,Opening Batter
Usman Ghani,Afghanistan,https://www.espncricinfo.com/cricketers/usman-ghani-711559,Right hand Bat,,Opening Batter
Najibullah Zadran,Afghanistan,https://www.espncricinfo.com/cricketers/najibullah-zadran-524049,Left hand Bat,Right arm Offbreak,Middle order Batter
Mohammad Nabi,Afghanistan,https://www.espncricinfo.com/cricketers/mohammad-nabi-25913,Right hand Bat,Right arm Offbreak,Allrounder
Azmatullah Omarzai,Afghanistan,https://www.espncricinfo.com/cricketers/azmatullah-omarzai-819429,Right hand Bat,Right arm Medium fast,Allrounder
Rashid Khan,Afghanistan,https://www.espncricinfo.com/cricketers/rashid-khan-793463,Right hand Bat,Legbreak Googly,Bowling Allrounder
Mujeeb Ur Rahman,Afghanistan,https://www.espncricinfo.com/cricketers/mujeeb-ur-rahman-974109,Right hand Bat,Right arm Offbreak,Bowler
Fareed Ahmad,Afghanistan,https://www.espncricinfo.com/cricketers/fareed-ahmad-568136,Left hand Bat,Left arm Fast medium,Bowler
Fazalhaq Farooqi,Afghanistan,https://www.espncricinfo.com/cricketers/fazalhaq-farooqi-974175,Right hand Bat,Left arm Fast medium,Bowler
Jos Buttler,England,https://www.espncricinfo.com/cricketers/jos-buttler-308967,Right hand Bat,,Wicketkeeper Batter
Alex Hales,England,https://www.espncricinfo.com/cricketers/alex-hales-249866,Right hand Bat,Right arm Medium,Opening Batter
Dawid Malan,England,https://www.espncricinfo.com/cricketers/dawid-malan-236489,Left hand Bat,Legbreak,Top order Batter
Ben Stokes,England,https://www.espncricinfo.com/cricketers/ben-stokes-311158,Left hand Bat,Right arm Fast medium,Allrounder
Liam Livingstone,England,https://www.espncricinfo.com/cricketers/liam-livingstone-403902,Right hand Bat,"Right arm Offbreak, Legbreak",Batting Allrounder
Harry Brook,England,https://www.espncricinfo.com/cricketers/harry-brook-911707,Right hand Bat,Right arm Medium,Batter
Moeen Ali,England,https://www.espncricinfo.com/cricketers/moeen-ali-8917,Left hand Bat,Right arm Offbreak,Batting Allrounder
Mohammad Rizwan,Pakistan,https://www.espncricinfo.com/cricketers/mohammad-rizwan-323389,Right hand Bat,,Wicketkeeper Batter
Babar Azam,Pakistan,https://www.espncricinfo.com/cricketers/babar-azam-348144,Right hand Bat,Right arm Offbreak,Batter
Shan Masood,Pakistan,https://www.espncricinfo.com/cricketers/shan-masood-233901,Left hand Bat,Right arm Medium fast,Opening Batter
Iftikhar Ahmed,Pakistan,https://www.espncricinfo.com/cricketers/iftikhar-ahmed-480603,Right hand Bat,Right arm Offbreak,Middle order Batter
Shadab Khan,Pakistan,https://www.espncricinfo.com/cricketers/shadab-khan-922943,Right hand Bat,Legbreak,Allrounder
Haider Ali,Pakistan,https://www.espncricinfo.com/cricketers/haider-ali-1168651,Right hand Bat,,Middle order Batter
Mohammad Nawaz,Pakistan,https://www.espncricinfo.com/cricketers/mohammad-nawaz-348148,Left hand Bat,Slow Left arm Orthodox,Allrounder
Asif Ali,Pakistan,https://www.espncricinfo.com/cricketers/asif-ali-494230,Right hand Bat,Right arm Offbreak,Middle order Batter
Shaheen Shah Afridi,Pakistan,https://www.espncricinfo.com/cricketers/shaheen-shah-afridi-1072470,Left hand Bat,Left arm Fast,Bowler
Haris Rauf,Pakistan,https://www.espncricinfo.com/cricketers/haris-rauf-1161606,Right hand Bat,Right arm Fast,Bowler
KL Rahul,India,https://www.espncricinfo.com/cricketers/kl-rahul-422108,Right hand Bat,,Wicketkeeper Batter
Rohit Sharma,India,https://www.espncricinfo.com/cricketers/rohit-sharma-34102,Right hand Bat,Right arm Offbreak,Top order Batter
Virat Kohli,India,https://www.espncricinfo.com/cricketers/virat-kohli-253802,Right hand Bat,Right arm Medium,Top order Batter
Suryakumar Yadav,India,https://www.espncricinfo.com/cricketers/suryakumar-yadav-446507,Right hand Bat,"Right arm Medium, Right arm Offbreak",Batter
Axar Patel,India,https://www.espncricinfo.com/cricketers/axar-patel-554691,Left hand Bat,Slow Left arm Orthodox,Bowling Allrounder
Hardik Pandya,India,https://www.espncricinfo.com/cricketers/hardik-pandya-625371,Right hand Bat,Right arm Medium fast,Allrounder
Dinesh Karthik,India,https://www.espncricinfo.com/cricketers/dinesh-karthik-30045,Right hand Bat,Right arm Offbreak,Wicketkeeper Batter
Ravichandran Ashwin,India,https://www.espncricinfo.com/cricketers/ravichandran-ashwin-26421,Right hand Bat,Right arm Offbreak,Bowling Allrounder
Najmul Hossain Shanto,Bangladesh,https://www.espncricinfo.com/cricketers/najmul-hossain-shanto-629058,Left hand Bat,Right arm Offbreak,Top order Batter
Soumya Sarkar,Bangladesh,https://www.espncricinfo.com/cricketers/soumya-sarkar-436677,Left hand Bat,Right arm Medium fast,Middle order Batter
Litton Das,Bangladesh,https://www.espncricinfo.com/cricketers/litton-das-536936,Right hand Bat,Right arm Offbreak,Wicketkeeper Batter
Shakib Al Hasan,Bangladesh,https://www.espncricinfo.com/cricketers/shakib-al-hasan-56143,Left hand Bat,Slow Left arm Orthodox,Allrounder
Afif Hossain,Bangladesh,https://www.espncricinfo.com/cricketers/afif-hossain-935995,Left hand Bat,Right arm Offbreak,Allrounder
Yasir Ali,Bangladesh,https://www.espncricinfo.com/cricketers/yasir-ali-629059,Right hand Bat,Right arm Offbreak,Middle order Batter
Nurul Hasan,Bangladesh,https://www.espncricinfo.com/cricketers/nurul-hasan-410765,Right hand Bat,,Wicketkeeper Batter
Mosaddek Hossain,Bangladesh,https://www.espncricinfo.com/cricketers/mosaddek-hossain-550133,Right hand Bat,Right arm Offbreak,Middle order Batter
Taskin Ahmed,Bangladesh,https://www.espncricinfo.com/cricketers/taskin-ahmed-538506,Left hand Bat,Right arm Fast,Bowler
Hasan Mahmud,Bangladesh,https://www.espncricinfo.com/cricketers/hasan-mahmud-926629,Right hand Bat,Right arm Fast medium,Bowler
Shariz Ahmad,Netherlands,https://www.espncricinfo.com/cricketers/shariz-ahmad-1278252,Left hand Bat,Legbreak Googly,Bowler
Quinton de Kock,South Africa,https://www.espncricinfo.com/cricketers/quinton-de-kock-379143,Left hand Bat,,Wicketkeeper Batter
Temba Bavuma,South Africa,https://www.espncricinfo.com/cricketers/temba-bavuma-372116,Right hand Bat,Right arm Medium,Middle order Batter
Fionn Hand,Ireland,https://www.espncricinfo.com/cricketers/fionn-hand-1099225,Right hand Bat,Right arm Medium,Bowling Allrounder
Rilee Rossouw,South Africa,https://www.espncricinfo.com/cricketers/rilee-rossouw-318845,Left hand Bat,Right arm Offbreak,Top order Batter
Tristan Stubbs,South Africa,https://www.espncricinfo.com/cricketers/tristan-stubbs-595978,Right hand Bat,Right arm Offbreak,Wicketkeeper Batter
Aiden Markram,South Africa,https://www.espncricinfo.com/cricketers/aiden-markram-600498,Right hand Bat,Right arm Offbreak,Opening Batter
David Miller,South Africa,https://www.espncricinfo.com/cricketers/david-miller-321777,Left hand Bat,Right arm Offbreak,Middle order Batter
Wayne Parnell,South Africa,https://www.espncricinfo.com/cricketers/wayne-parnell-265564,Left hand Bat,Left arm Medium fast,Bowler
Mehidy Hasan Miraz,Bangladesh,https://www.espncricinfo.com/cricketers/mehidy-hasan-miraz-629063,Right hand Bat,Right arm Offbreak,Allrounder
Mustafizur Rahman,Bangladesh,https://www.espncricinfo.com/cricketers/mustafizur-rahman-330902,Left hand Bat,Left arm Fast medium,Bowler
Brad Evans,Zimbabwe,https://www.espncricinfo.com/cricketers/brad-evans-696127,Right hand Bat,Right arm Fast,Allrounder
Mohammad Wasim,Pakistan,https://www.espncricinfo.com/cricketers/mohammad-wasim-1185538,Right hand Bat,Right arm Fast medium,Bowling Allrounder
Daryl Mitchell,New Zealand,https://www.espncricinfo.com/cricketers/daryl-mitchell-381743,Right hand Bat,Right arm Medium,Batting Allrounder
Mitchell Santner,New Zealand,https://www.espncricinfo.com/cricketers/mitchell-santner-502714,Left hand Bat,Slow Left arm Orthodox,Bowling Allrounder
Ish Sodhi,New Zealand,https://www.espncricinfo.com/cricketers/ish-sodhi-559066,Right hand Bat,Legbreak,Bowler
Tim Southee,New Zealand,https://www.espncricinfo.com/cricketers/tim-southee-232364,Right hand Bat,Right arm Medium fast,Bowler
Kasun Rajitha,Sri Lanka,https://www.espncricinfo.com/cricketers/kasun-rajitha-499594,Right hand Bat,Right arm Medium fast,Bowler
Lahiru Kumara,Sri Lanka,https://www.espncricinfo.com/cricketers/lahiru-kumara-784375,Left hand Bat,Right arm Fast,Bowler
Stephan Myburgh,Netherlands,https://www.espncricinfo.com/cricketers/stephan-myburgh-233712,Left hand Bat,Right arm Offbreak,Opening Batter
Fakhar Zaman,Pakistan,https://www.espncricinfo.com/cricketers/fakhar-zaman-512191,Left hand Bat,Slow Left arm Orthodox,Opening Batter
Deepak Hooda,India,https://www.espncricinfo.com/cricketers/deepak-hooda-497121,Right hand Bat,Right arm Offbreak,Allrounder
Bhuvneshwar Kumar,India,https://www.espncricinfo.com/cricketers/bhuvneshwar-kumar-326016,Right hand Bat,Right arm Medium,Bowler
Mohammed Shami,India,https://www.espncricinfo.com/cricketers/mohammed-shami-481896,Right hand Bat,Right arm Fast,Bowler
Arshdeep Singh,India,https://www.espncricinfo.com/cricketers/arshdeep-singh-1125976,Left hand Bat,Left arm Medium fast,Bowler
Gulbadin Naib,Afghanistan,https://www.espncricinfo.com/cricketers/gulbadin-naib-352048,Right hand Bat,Right arm Medium fast,Batting Allrounder
Sam Curran,England,https://www.espncricinfo.com/cricketers/sam-curran-662973,Left hand Bat,Left arm Medium fast,Allrounder
Mohammad Haris,Pakistan,https://www.espncricinfo.com/cricketers/mohammad-haris-1205559,Right hand Bat,Right arm Offbreak,Middle order Batter
Naseem Shah,Pakistan,https://www.espncricinfo.com/cricketers/naseem-shah-1158088,Right hand Bat,Right arm Fast,Bowler
Heinrich Klaasen,South Africa,https://www.espncricinfo.com/cricketers/heinrich-klaasen-436757,Right hand Bat,Right arm Offbreak,Wicketkeeper Batter
Kagiso Rabada,South Africa,https://www.espncricinfo.com/cricketers/kagiso-rabada-550215,Left hand Bat,Right arm Fast,Bowler
Anrich Nortje,South Africa,https://www.espncricinfo.com/cricketers/anrich-nortje-481979,Right hand Bat,Right arm Fast,Bowler
Lungi Ngidi,South Africa,https://www.espncricinfo.com/cricketers/lungi-ngidi-542023,Right hand Bat,Right arm Fast medium,Bowler
Tabraiz Shamsi,South Africa,https://www.espncricinfo.com/cricketers/tabraiz-shamsi-379145,Right hand Bat,Left arm Wrist spin,Bowler
Cameron Green,Australia,https://www.espncricinfo.com/cricketers/cameron-green-1076713,Right hand Bat,Right arm Fast medium,Batting Allrounder
Steven Smith,Australia,https://www.espncricinfo.com/cricketers/steven-smith-267192,Right hand Bat,Legbreak Googly,Middle order Batter
Kane Richardson,Australia,https://www.espncricinfo.com/cricketers/kane-richardson-272262,Right hand Bat,Right arm Fast medium,Bowler
Darwish Rasooli,Afghanistan,https://www.espncricinfo.com/cricketers/darwish-rasooli-819441,Right hand Bat,Right arm Offbreak,Top order Batter
Naveen-ul-Haq,Afghanistan,https://www.espncricinfo.com/cricketers/naveen-ul-haq-793447,Right hand Bat,Right arm Medium fast,Bowler
Chris Woakes,England,https://www.espncricinfo.com/cricketers/chris-woakes-247235,Right hand Bat,Right arm Fast medium,Allrounder
Keshav Maharaj,South Africa,https://www.espncricinfo.com/cricketers/keshav-maharaj-267724,Right hand Bat,Slow Left arm Orthodox,Bowler
Nasum Ahmed,Bangladesh,https://www.espncricinfo.com/cricketers/nasum-ahmed-348049,Left hand Bat,Slow Left arm Orthodox,Bowler
Rishabh Pant,India,https://www.espncricinfo.com/cricketers/rishabh-pant-931581,Left hand Bat,,Wicketkeeper Batter
Wellington Masakadza,Zimbabwe,https://www.espncricinfo.com/cricketers/wellington-masakadza-571703,Left hand Bat,Slow Left arm Orthodox,Bowler
Phil Salt,England,https://www.espncricinfo.com/cricketers/phil-salt-669365,Right hand Bat,Right arm Offbreak,Wicketkeeper Batter
Ben Shikongo,Namibia,https://www.espncricinfo.com/cricketers/ben-shikongo-1069820,Right hand Bat,Right arm Medium fast,Bowler
Mark Watt,Scotland,https://www.espncricinfo.com/cricketers/mark-watt-659081,Left hand Bat,Slow Left arm Orthodox,Bowler
Brad Wheal,Scotland,https://www.espncricinfo.com/cricketers/brad-wheal-807535,Right hand Bat,Right arm Fast medium,Bowler
Safyaan Sharif,Scotland,https://www.espncricinfo.com/cricketers/safyaan-sharif-414970,Right hand Bat,Right arm Medium fast,Bowler
Binura Fernando,Sri Lanka,https://www.espncricinfo.com/cricketers/binura-fernando-629080,Right hand Bat,Left arm Medium fast,Bowler
Ahmed Raza,U.A.E.,https://www.espncricinfo.com/cricketers/ahmed-raza-245490,Right hand Bat,Slow Left arm Orthodox,Bowler
Trent Boult,New Zealand,https://www.espncricinfo.com/cricketers/trent-boult-277912,Right hand Bat,Left arm Fast medium,Bowler
Lockie Ferguson,New Zealand,https://www.espncricinfo.com/cricketers/lockie-ferguson-493773,Right hand Bat,Right arm Fast,Bowler
Mark Wood,England,https://www.espncricinfo.com/cricketers/mark-wood-351588,Right hand Bat,Right arm Fast,Bowler
Adil Rashid,England,https://www.espncricinfo.com/cricketers/adil-rashid-244497,Right hand Bat,Legbreak,Bowler
Ashton Agar,Australia,https://www.espncricinfo.com/cricketers/ashton-agar-505120,Left hand Bat,Slow Left arm Orthodox,Bowler
Brandon Glover,Netherlands,https://www.espncricinfo.com/cricketers/brandon-glover-595419,Right hand Bat,Right arm Fast,Bowler
Shoriful Islam,Bangladesh,https://www.espncricinfo.com/cricketers/shoriful-islam-990039,Left hand Bat,Left arm Medium fast,Bowler
Ebadot Hossain,Bangladesh,https://www.espncricinfo.com/cricketers/ebadot-hossain-932355,Right hand Bat,Right arm Fast medium,Bowler
Chris Jordan,England,https://www.espncricinfo.com/cricketers/chris-jordan-288992,Right hand Bat,Right arm Fast medium,Bowler
